Month,SKU_ID,SKU_Description,Product_Group,UoM,Actual_Demand_units,Supplier_LeadTime_days,Transit_days,OnHand_Inventory_units,Planned_Receipts_units,MOQ_units,Unit_Cost_USD,Shelf_Life_days,Planned_Receipt_Date,Actual_Receipt_Date,Customer_Priority
01/11/2024 00:00,SKU0001,Surfactants Grade A,Surfactants,kg,200,29,6,10,248,5241,"18,62",730,08/11/2024 00:00,11/11/2024 00:00,High
01/12/2024 00:00,SKU0001,Surfactants Grade A,Surfactants,kg,407,29,8,1103,296,5241,"18,62",730,08/12/2024 00:00,08/12/2024 00:00,High
01/01/2025 00:00,SKU0001,Surfactants Grade A,Surfactants,kg,634,29,10,709,602,5241,"18,62",730,08/01/2025 00:00,17/01/2025 00:00,High
01/02/2025 00:00,SKU0001,Surfactants Grade A,Surfactants,kg,781,29,1,553,699,5241,"18,62",730,08/02/2025 00:00,15/02/2025 00:00,High
01/03/2025 00:00,SKU0001,Surfactants Grade A,Surfactants,kg,448,29,4,170,251,5241,"18,62",730,08/03/2025 00:00,12/03/2025 00:00,High
01/04/2025 00:00,SKU0001,Surfactants Grade A,Surfactants,kg,563,29,7,749,306,5241,"18,62",730,08/04/2025 00:00,17/04/2025 00:00,High
01/05/2025 00:00,SKU0001,Surfactants Grade A,Surfactants,kg,568,29,3,906,482,5241,"18,62",730,08/05/2025 00:00,09/05/2025 00:00,High
01/06/2025 00:00,SKU0001,Surfactants Grade A,Surfactants,kg,548,29,4,0,160,5241,"18,62",730,08/06/2025 00:00,11/06/2025 00:00,High
01/07/2025 00:00,SKU0001,Surfactants Grade A,Surfactants,kg,671,29,2,682,725,5241,"18,62",730,08/07/2025 00:00,14/07/2025 00:00,High
01/08/2025 00:00,SKU0001,Surfactants Grade A,Surfactants,kg,655,29,7,792,390,5241,"18,62",730,08/08/2025 00:00,07/08/2025 00:00,High
01/11/2024 00:00,SKU0002,Surfactants Grade A,Surfactants,kg,163,51,7,156,41,516,"23,19",365,08/11/2024 00:00,11/11/2024 00:00,Low
01/12/2024 00:00,SKU0002,Surfactants Grade A,Surfactants,kg,52,51,4,0,41,516,"23,19",365,08/12/2024 00:00,15/12/2024 00:00,Low
01/01/2025 00:00,SKU0002,Surfactants Grade A,Surfactants,kg,201,51,6,52,145,516,"23,19",365,08/01/2025 00:00,15/01/2025 00:00,Low
01/02/2025 00:00,SKU0002,Surfactants Grade A,Surfactants,kg,155,51,12,206,134,516,"23,19",365,08/02/2025 00:00,12/02/2025 00:00,Low
01/03/2025 00:00,SKU0002,Surfactants Grade A,Surfactants,kg,166,51,8,219,180,516,"23,19",365,08/03/2025 00:00,09/03/2025 00:00,Low
01/04/2025 00:00,SKU0002,Surfactants Grade A,Surfactants,kg,167,51,6,164,199,516,"23,19",365,08/04/2025 00:00,08/04/2025 00:00,Low
01/05/2025 00:00,SKU0002,Surfactants Grade A,Surfactants,kg,184,51,6,115,148,516,"23,19",365,08/05/2025 00:00,12/05/2025 00:00,Low
01/06/2025 00:00,SKU0002,Surfactants Grade A,Surfactants,kg,154,51,9,72,0,516,"23,19",365,,,Low
01/07/2025 00:00,SKU0002,Surfactants Grade A,Surfactants,kg,167,51,7,232,143,516,"23,19",365,08/07/2025 00:00,07/07/2025 00:00,Low
01/08/2025 00:00,SKU0002,Surfactants Grade A,Surfactants,kg,177,51,5,46,213,516,"23,19",365,08/08/2025 00:00,10/08/2025 00:00,Low
01/11/2024 00:00,SKU0003,Surfactants Grade C,Surfactants,kg,508,46,4,223,0,8372,"10,71",540,,,Medium
01/12/2024 00:00,SKU0003,Surfactants Grade C,Surfactants,kg,318,46,2,192,46,8372,"10,71",540,08/12/2024 00:00,06/12/2024 00:00,Medium
01/01/2025 00:00,SKU0003,Surfactants Grade C,Surfactants,kg,315,46,2,380,207,8372,"10,71",540,08/01/2025 00:00,12/01/2025 00:00,Medium
01/02/2025 00:00,SKU0003,Surfactants Grade C,Surfactants,kg,419,46,12,631,227,8372,"10,71",540,08/02/2025 00:00,16/02/2025 00:00,Medium
01/03/2025 00:00,SKU0003,Surfactants Grade C,Surfactants,kg,468,46,10,269,219,8372,"10,71",540,08/03/2025 00:00,18/03/2025 00:00,Medium
01/04/2025 00:00,SKU0003,Surfactants Grade C,Surfactants,kg,375,46,5,301,268,8372,"10,71",540,08/04/2025 00:00,10/04/2025 00:00,Medium
01/05/2025 00:00,SKU0003,Surfactants Grade C,Surfactants,kg,428,46,2,178,205,8372,"10,71",540,08/05/2025 00:00,06/05/2025 00:00,Medium
01/06/2025 00:00,SKU0003,Surfactants Grade C,Surfactants,kg,299,46,3,0,336,8372,"10,71",540,08/06/2025 00:00,16/06/2025 00:00,Medium
01/07/2025 00:00,SKU0003,Surfactants Grade C,Surfactants,kg,357,46,10,265,361,8372,"10,71",540,08/07/2025 00:00,09/07/2025 00:00,Medium
01/08/2025 00:00,SKU0003,Surfactants Grade C,Surfactants,kg,308,46,14,504,175,8372,"10,71",540,08/08/2025 00:00,05/08/2025 00:00,Medium
01/11/2024 00:00,SKU0004,Solvents Grade C,Solvents,litre,279,28,11,436,114,5361,"25,43",1095,08/11/2024 00:00,16/11/2024 00:00,Medium
01/12/2024 00:00,SKU0004,Solvents Grade C,Solvents,litre,263,28,1,133,301,5361,"25,43",1095,08/12/2024 00:00,14/12/2024 00:00,Medium
01/01/2025 00:00,SKU0004,Solvents Grade C,Solvents,litre,355,28,6,586,303,5361,"25,43",1095,08/01/2025 00:00,10/01/2025 00:00,Medium
01/02/2025 00:00,SKU0004,Solvents Grade C,Solvents,litre,291,28,6,0,195,5361,"25,43",1095,08/02/2025 00:00,17/02/2025 00:00,Medium
01/03/2025 00:00,SKU0004,Solvents Grade C,Solvents,litre,150,28,1,254,59,5361,"25,43",1095,08/03/2025 00:00,16/03/2025 00:00,Medium
01/04/2025 00:00,SKU0004,Solvents Grade C,Solvents,litre,311,28,6,632,184,5361,"25,43",1095,08/04/2025 00:00,13/04/2025 00:00,Medium
01/05/2025 00:00,SKU0004,Solvents Grade C,Solvents,litre,215,28,5,306,133,5361,"25,43",1095,08/05/2025 00:00,05/05/2025 00:00,Medium
01/06/2025 00:00,SKU0004,Solvents Grade C,Solvents,litre,284,28,3,132,85,5361,"25,43",1095,08/06/2025 00:00,15/06/2025 00:00,Medium
01/07/2025 00:00,SKU0004,Solvents Grade C,Solvents,litre,278,28,7,551,159,5361,"25,43",1095,08/07/2025 00:00,15/07/2025 00:00,Medium
01/08/2025 00:00,SKU0004,Solvents Grade C,Solvents,litre,211,28,5,75,188,5361,"25,43",1095,08/08/2025 00:00,14/08/2025 00:00,Medium
01/11/2024 00:00,SKU0005,Intermediates Grade B,Intermediates,litre,570,24,5,0,560,2608,"15,72",365,08/11/2024 00:00,16/11/2024 00:00,Medium
01/12/2024 00:00,SKU0005,Intermediates Grade B,Intermediates,litre,317,24,10,229,120,2608,"15,72",365,08/12/2024 00:00,16/12/2024 00:00,Medium
01/01/2025 00:00,SKU0005,Intermediates Grade B,Intermediates,litre,315,24,4,360,345,2608,"15,72",365,08/01/2025 00:00,18/01/2025 00:00,Medium
01/02/2025 00:00,SKU0005,Intermediates Grade B,Intermediates,litre,379,24,5,352,380,2608,"15,72",365,08/02/2025 00:00,18/02/2025 00:00,Medium
01/03/2025 00:00,SKU0005,Intermediates Grade B,Intermediates,litre,456,24,14,194,380,2608,"15,72",365,08/03/2025 00:00,18/03/2025 00:00,Medium
01/04/2025 00:00,SKU0005,Intermediates Grade B,Intermediates,litre,482,24,6,132,115,2608,"15,72",365,08/04/2025 00:00,07/04/2025 00:00,Medium
01/05/2025 00:00,SKU0005,Intermediates Grade B,Intermediates,litre,368,24,8,251,232,2608,"15,72",365,08/05/2025 00:00,16/05/2025 00:00,Medium
01/06/2025 00:00,SKU0005,Intermediates Grade B,Intermediates,litre,213,24,9,220,143,2608,"15,72",365,08/06/2025 00:00,11/06/2025 00:00,Medium
01/07/2025 00:00,SKU0005,Intermediates Grade B,Intermediates,litre,530,24,8,688,62,2608,"15,72",365,08/07/2025 00:00,08/07/2025 00:00,Medium
01/08/2025 00:00,SKU0005,Intermediates Grade B,Intermediates,litre,593,24,3,573,0,2608,"15,72",365,,,Medium
01/11/2024 00:00,SKU0006,Intermediates Grade B,Intermediates,kg,367,20,6,324,350,9217,"12,58",730,08/11/2024 00:00,07/11/2024 00:00,Medium
01/12/2024 00:00,SKU0006,Intermediates Grade B,Intermediates,kg,265,20,5,116,252,9217,"12,58",730,08/12/2024 00:00,09/12/2024 00:00,Medium
01/01/2025 00:00,SKU0006,Intermediates Grade B,Intermediates,kg,391,20,6,350,332,9217,"12,58",730,08/01/2025 00:00,07/01/2025 00:00,Medium
01/02/2025 00:00,SKU0006,Intermediates Grade B,Intermediates,kg,296,20,5,252,191,9217,"12,58",730,08/02/2025 00:00,11/02/2025 00:00,Medium
01/03/2025 00:00,SKU0006,Intermediates Grade B,Intermediates,kg,299,20,8,324,152,9217,"12,58",730,08/03/2025 00:00,09/03/2025 00:00,Medium
01/04/2025 00:00,SKU0006,Intermediates Grade B,Intermediates,kg,239,20,1,119,319,9217,"12,58",730,08/04/2025 00:00,13/04/2025 00:00,Medium
01/05/2025 00:00,SKU0006,Intermediates Grade B,Intermediates,kg,243,20,10,71,42,9217,"12,58",730,08/05/2025 00:00,11/05/2025 00:00,Medium
01/06/2025 00:00,SKU0006,Intermediates Grade B,Intermediates,kg,281,20,1,0,330,9217,"12,58",730,08/06/2025 00:00,06/06/2025 00:00,Medium
01/07/2025 00:00,SKU0006,Intermediates Grade B,Intermediates,kg,192,20,8,105,174,9217,"12,58",730,08/07/2025 00:00,08/07/2025 00:00,Medium
01/08/2025 00:00,SKU0006,Intermediates Grade B,Intermediates,kg,387,20,10,194,320,9217,"12,58",730,08/08/2025 00:00,13/08/2025 00:00,Medium
01/11/2024 00:00,SKU0007,Surfactants Grade A,Surfactants,kg,398,52,5,516,449,3055,"18,36",730,08/11/2024 00:00,16/11/2024 00:00,Medium
01/12/2024 00:00,SKU0007,Surfactants Grade A,Surfactants,kg,269,52,5,429,367,3055,"18,36",730,08/12/2024 00:00,18/12/2024 00:00,Medium
01/01/2025 00:00,SKU0007,Surfactants Grade A,Surfactants,kg,228,52,1,99,217,3055,"18,36",730,08/01/2025 00:00,06/01/2025 00:00,Medium
01/02/2025 00:00,SKU0007,Surfactants Grade A,Surfactants,kg,316,52,7,273,297,3055,"18,36",730,08/02/2025 00:00,14/02/2025 00:00,Medium
01/03/2025 00:00,SKU0007,Surfactants Grade A,Surfactants,kg,371,52,5,255,218,3055,"18,36",730,08/03/2025 00:00,13/03/2025 00:00,Medium
01/04/2025 00:00,SKU0007,Surfactants Grade A,Surfactants,kg,270,52,10,0,326,3055,"18,36",730,08/04/2025 00:00,14/04/2025 00:00,Medium
01/05/2025 00:00,SKU0007,Surfactants Grade A,Surfactants,kg,251,52,8,399,158,3055,"18,36",730,08/05/2025 00:00,09/05/2025 00:00,Medium
01/06/2025 00:00,SKU0007,Surfactants Grade A,Surfactants,kg,239,52,3,143,300,3055,"18,36",730,08/06/2025 00:00,06/06/2025 00:00,Medium
01/07/2025 00:00,SKU0007,Surfactants Grade A,Surfactants,kg,329,52,10,125,130,3055,"18,36",730,08/07/2025 00:00,08/07/2025 00:00,Medium
01/08/2025 00:00,SKU0007,Surfactants Grade A,Surfactants,kg,253,52,8,81,163,3055,"18,36",730,08/08/2025 00:00,16/08/2025 00:00,Medium
01/11/2024 00:00,SKU0008,Additives Grade C,Additives,kg,558,19,7,438,427,1578,"5,75",1095,08/11/2024 00:00,16/11/2024 00:00,Medium
01/12/2024 00:00,SKU0008,Additives Grade C,Additives,kg,358,19,5,133,263,1578,"5,75",1095,08/12/2024 00:00,11/12/2024 00:00,Medium
01/01/2025 00:00,SKU0008,Additives Grade C,Additives,kg,469,19,1,26,144,1578,"5,75",1095,08/01/2025 00:00,16/01/2025 00:00,Medium
01/02/2025 00:00,SKU0008,Additives Grade C,Additives,kg,385,19,6,116,387,1578,"5,75",1095,08/02/2025 00:00,17/02/2025 00:00,Medium
01/03/2025 00:00,SKU0008,Additives Grade C,Additives,kg,288,19,9,450,270,1578,"5,75",1095,08/03/2025 00:00,12/03/2025 00:00,Medium
01/04/2025 00:00,SKU0008,Additives Grade C,Additives,kg,284,19,6,312,99,1578,"5,75",1095,08/04/2025 00:00,07/04/2025 00:00,Medium
01/05/2025 00:00,SKU0008,Additives Grade C,Additives,kg,345,19,9,367,199,1578,"5,75",1095,08/05/2025 00:00,18/05/2025 00:00,Medium
01/06/2025 00:00,SKU0008,Additives Grade C,Additives,kg,445,19,3,194,273,1578,"5,75",1095,08/06/2025 00:00,05/06/2025 00:00,Medium
01/07/2025 00:00,SKU0008,Additives Grade C,Additives,kg,415,19,11,570,321,1578,"5,75",1095,08/07/2025 00:00,08/07/2025 00:00,Medium
01/08/2025 00:00,SKU0008,Additives Grade C,Additives,kg,414,19,6,213,429,1578,"5,75",1095,08/08/2025 00:00,06/08/2025 00:00,Medium
01/11/2024 00:00,SKU0009,Packaging Grade C,Packaging,litre,244,50,9,190,143,5443,"0,5",730,08/11/2024 00:00,12/11/2024 00:00,Medium
01/12/2024 00:00,SKU0009,Packaging Grade C,Packaging,litre,469,50,7,151,581,5443,"0,5",730,08/12/2024 00:00,08/12/2024 00:00,Medium
01/01/2025 00:00,SKU0009,Packaging Grade C,Packaging,litre,383,50,7,386,199,5443,"0,5",730,08/01/2025 00:00,06/01/2025 00:00,Medium
01/02/2025 00:00,SKU0009,Packaging Grade C,Packaging,litre,309,50,8,619,290,5443,"0,5",730,08/02/2025 00:00,18/02/2025 00:00,Medium
01/03/2025 00:00,SKU0009,Packaging Grade C,Packaging,litre,308,50,4,402,205,5443,"0,5",730,08/03/2025 00:00,10/03/2025 00:00,Medium
01/04/2025 00:00,SKU0009,Packaging Grade C,Packaging,litre,547,50,3,232,387,5443,"0,5",730,08/04/2025 00:00,10/04/2025 00:00,Medium
01/05/2025 00:00,SKU0009,Packaging Grade C,Packaging,litre,355,50,2,407,68,5443,"0,5",730,08/05/2025 00:00,14/05/2025 00:00,Medium
01/06/2025 00:00,SKU0009,Packaging Grade C,Packaging,litre,317,50,10,73,500,5443,"0,5",730,08/06/2025 00:00,08/06/2025 00:00,Medium
01/07/2025 00:00,SKU0009,Packaging Grade C,Packaging,litre,379,50,8,0,264,5443,"0,5",730,08/07/2025 00:00,10/07/2025 00:00,Medium
01/08/2025 00:00,SKU0009,Packaging Grade C,Packaging,litre,318,50,13,12,81,5443,"0,5",730,08/08/2025 00:00,17/08/2025 00:00,Medium
01/11/2024 00:00,SKU0010,Surfactants Grade A,Surfactants,kg,291,32,2,162,252,2662,"29,47",540,08/11/2024 00:00,06/11/2024 00:00,Medium
01/12/2024 00:00,SKU0010,Surfactants Grade A,Surfactants,kg,237,32,2,86,146,2662,"29,47",540,08/12/2024 00:00,14/12/2024 00:00,Medium
01/01/2025 00:00,SKU0010,Surfactants Grade A,Surfactants,kg,165,32,10,143,160,2662,"29,47",540,08/01/2025 00:00,16/01/2025 00:00,Medium
01/02/2025 00:00,SKU0010,Surfactants Grade A,Surfactants,kg,258,32,11,416,269,2662,"29,47",540,08/02/2025 00:00,06/02/2025 00:00,Medium
01/03/2025 00:00,SKU0010,Surfactants Grade A,Surfactants,kg,253,32,7,8,85,2662,"29,47",540,08/03/2025 00:00,14/03/2025 00:00,Medium
01/04/2025 00:00,SKU0010,Surfactants Grade A,Surfactants,kg,278,32,6,144,276,2662,"29,47",540,08/04/2025 00:00,18/04/2025 00:00,Medium
01/05/2025 00:00,SKU0010,Surfactants Grade A,Surfactants,kg,228,32,5,140,176,2662,"29,47",540,08/05/2025 00:00,08/05/2025 00:00,Medium
01/06/2025 00:00,SKU0010,Surfactants Grade A,Surfactants,kg,193,32,3,308,155,2662,"29,47",540,08/06/2025 00:00,18/06/2025 00:00,Medium
01/07/2025 00:00,SKU0010,Surfactants Grade A,Surfactants,kg,182,32,9,176,45,2662,"29,47",540,08/07/2025 00:00,12/07/2025 00:00,Medium
01/08/2025 00:00,SKU0010,Surfactants Grade A,Surfactants,kg,230,32,6,272,147,2662,"29,47",540,08/08/2025 00:00,18/08/2025 00:00,Medium
01/11/2024 00:00,SKU0011,Surfactants Grade A,Surfactants,kg,344,54,4,0,210,7149,"12,22",1095,08/11/2024 00:00,11/11/2024 00:00,Medium
01/12/2024 00:00,SKU0011,Surfactants Grade A,Surfactants,kg,200,54,9,123,86,7149,"12,22",1095,08/12/2024 00:00,16/12/2024 00:00,Medium
01/01/2025 00:00,SKU0011,Surfactants Grade A,Surfactants,kg,196,54,6,184,238,7149,"12,22",1095,08/01/2025 00:00,13/01/2025 00:00,Medium
01/02/2025 00:00,SKU0011,Surfactants Grade A,Surfactants,kg,202,54,6,155,186,7149,"12,22",1095,08/02/2025 00:00,18/02/2025 00:00,Medium
01/03/2025 00:00,SKU0011,Surfactants Grade A,Surfactants,kg,305,54,2,257,160,7149,"12,22",1095,08/03/2025 00:00,12/03/2025 00:00,Medium
01/04/2025 00:00,SKU0011,Surfactants Grade A,Surfactants,kg,219,54,10,187,43,7149,"12,22",1095,08/04/2025 00:00,09/04/2025 00:00,Medium
01/05/2025 00:00,SKU0011,Surfactants Grade A,Surfactants,kg,304,54,4,329,156,7149,"12,22",1095,08/05/2025 00:00,17/05/2025 00:00,Medium
01/06/2025 00:00,SKU0011,Surfactants Grade A,Surfactants,kg,259,54,4,179,29,7149,"12,22",1095,08/06/2025 00:00,06/06/2025 00:00,Medium
01/07/2025 00:00,SKU0011,Surfactants Grade A,Surfactants,kg,251,54,4,216,29,7149,"12,22",1095,08/07/2025 00:00,09/07/2025 00:00,Medium
01/08/2025 00:00,SKU0011,Surfactants Grade A,Surfactants,kg,168,54,7,189,119,7149,"12,22",1095,08/08/2025 00:00,12/08/2025 00:00,Medium
01/11/2024 00:00,SKU0012,Intermediates Grade C,Intermediates,kg,407,58,7,536,358,8276,"9,42",730,08/11/2024 00:00,14/11/2024 00:00,Medium
01/12/2024 00:00,SKU0012,Intermediates Grade C,Intermediates,kg,551,58,7,749,463,8276,"9,42",730,08/12/2024 00:00,13/12/2024 00:00,Medium
01/01/2025 00:00,SKU0012,Intermediates Grade C,Intermediates,kg,314,58,4,363,328,8276,"9,42",730,08/01/2025 00:00,16/01/2025 00:00,Medium
01/02/2025 00:00,SKU0012,Intermediates Grade C,Intermediates,kg,388,58,8,407,323,8276,"9,42",730,08/02/2025 00:00,16/02/2025 00:00,Medium
01/03/2025 00:00,SKU0012,Intermediates Grade C,Intermediates,kg,439,58,6,118,250,8276,"9,42",730,08/03/2025 00:00,16/03/2025 00:00,Medium
01/04/2025 00:00,SKU0012,Intermediates Grade C,Intermediates,kg,330,58,7,503,72,8276,"9,42",730,08/04/2025 00:00,17/04/2025 00:00,Medium
01/05/2025 00:00,SKU0012,Intermediates Grade C,Intermediates,kg,344,58,10,63,256,8276,"9,42",730,08/05/2025 00:00,13/05/2025 00:00,Medium
01/06/2025 00:00,SKU0012,Intermediates Grade C,Intermediates,kg,326,58,12,476,415,8276,"9,42",730,08/06/2025 00:00,17/06/2025 00:00,Medium
01/07/2025 00:00,SKU0012,Intermediates Grade C,Intermediates,kg,482,58,6,31,351,8276,"9,42",730,08/07/2025 00:00,17/07/2025 00:00,Medium
01/08/2025 00:00,SKU0012,Intermediates Grade C,Intermediates,kg,479,58,8,244,278,8276,"9,42",730,08/08/2025 00:00,05/08/2025 00:00,Medium
01/11/2024 00:00,SKU0013,Solvents Grade B,Solvents,kg,353,24,12,55,67,3993,"23,89",540,08/11/2024 00:00,13/11/2024 00:00,Medium
01/12/2024 00:00,SKU0013,Solvents Grade B,Solvents,kg,273,24,3,372,269,3993,"23,89",540,08/12/2024 00:00,11/12/2024 00:00,Medium
01/01/2025 00:00,SKU0013,Solvents Grade B,Solvents,kg,334,24,9,198,290,3993,"23,89",540,08/01/2025 00:00,13/01/2025 00:00,Medium
01/02/2025 00:00,SKU0013,Solvents Grade B,Solvents,kg,342,24,8,390,290,3993,"23,89",540,08/02/2025 00:00,12/02/2025 00:00,Medium
01/03/2025 00:00,SKU0013,Solvents Grade B,Solvents,kg,388,24,11,659,318,3993,"23,89",540,08/03/2025 00:00,05/03/2025 00:00,Medium
01/04/2025 00:00,SKU0013,Solvents Grade B,Solvents,kg,244,24,4,325,31,3993,"23,89",540,08/04/2025 00:00,16/04/2025 00:00,Medium
01/05/2025 00:00,SKU0013,Solvents Grade B,Solvents,kg,305,24,5,0,52,3993,"23,89",540,08/05/2025 00:00,12/05/2025 00:00,Medium
01/06/2025 00:00,SKU0013,Solvents Grade B,Solvents,kg,369,24,8,289,188,3993,"23,89",540,08/06/2025 00:00,12/06/2025 00:00,Medium
01/07/2025 00:00,SKU0013,Solvents Grade B,Solvents,kg,283,24,2,211,309,3993,"23,89",540,08/07/2025 00:00,15/07/2025 00:00,Medium
01/08/2025 00:00,SKU0013,Solvents Grade B,Solvents,kg,265,24,1,172,125,3993,"23,89",540,08/08/2025 00:00,07/08/2025 00:00,Medium
01/11/2024 00:00,SKU0014,Intermediates Grade A,Intermediates,litre,248,57,8,52,202,3893,"35,24",540,08/11/2024 00:00,05/11/2024 00:00,Medium
01/12/2024 00:00,SKU0014,Intermediates Grade A,Intermediates,litre,288,57,9,485,347,3893,"35,24",540,08/12/2024 00:00,12/12/2024 00:00,Medium
01/01/2025 00:00,SKU0014,Intermediates Grade A,Intermediates,litre,318,57,9,375,333,3893,"35,24",540,08/01/2025 00:00,07/01/2025 00:00,Medium
01/02/2025 00:00,SKU0014,Intermediates Grade A,Intermediates,litre,246,57,12,396,210,3893,"35,24",540,08/02/2025 00:00,07/02/2025 00:00,Medium
01/03/2025 00:00,SKU0014,Intermediates Grade A,Intermediates,litre,368,57,12,531,548,3893,"35,24",540,08/03/2025 00:00,05/03/2025 00:00,Medium
01/04/2025 00:00,SKU0014,Intermediates Grade A,Intermediates,litre,251,57,5,197,354,3893,"35,24",540,08/04/2025 00:00,15/04/2025 00:00,Medium
01/05/2025 00:00,SKU0014,Intermediates Grade A,Intermediates,litre,302,57,4,239,73,3893,"35,24",540,08/05/2025 00:00,09/05/2025 00:00,Medium
01/06/2025 00:00,SKU0014,Intermediates Grade A,Intermediates,litre,251,57,6,341,248,3893,"35,24",540,08/06/2025 00:00,14/06/2025 00:00,Medium
01/07/2025 00:00,SKU0014,Intermediates Grade A,Intermediates,litre,357,57,7,624,363,3893,"35,24",540,08/07/2025 00:00,11/07/2025 00:00,Medium
01/08/2025 00:00,SKU0014,Intermediates Grade A,Intermediates,litre,445,57,5,644,305,3893,"35,24",540,08/08/2025 00:00,14/08/2025 00:00,Medium
01/11/2024 00:00,SKU0015,Solvents Grade A,Solvents,litre,512,39,3,0,571,7679,"28,82",730,08/11/2024 00:00,13/11/2024 00:00,Medium
01/12/2024 00:00,SKU0015,Solvents Grade A,Solvents,litre,424,39,4,421,255,7679,"28,82",730,08/12/2024 00:00,16/12/2024 00:00,Medium
01/01/2025 00:00,SKU0015,Solvents Grade A,Solvents,litre,459,39,9,0,497,7679,"28,82",730,08/01/2025 00:00,11/01/2025 00:00,Medium
01/02/2025 00:00,SKU0015,Solvents Grade A,Solvents,litre,245,39,10,349,147,7679,"28,82",730,08/02/2025 00:00,13/02/2025 00:00,Medium
01/03/2025 00:00,SKU0015,Solvents Grade A,Solvents,litre,497,39,2,316,0,7679,"28,82",730,,,Medium
01/04/2025 00:00,SKU0015,Solvents Grade A,Solvents,litre,441,39,5,749,433,7679,"28,82",730,08/04/2025 00:00,16/04/2025 00:00,Medium
01/05/2025 00:00,SKU0015,Solvents Grade A,Solvents,litre,517,39,10,385,424,7679,"28,82",730,08/05/2025 00:00,06/05/2025 00:00,Medium
01/06/2025 00:00,SKU0015,Solvents Grade A,Solvents,litre,580,39,6,439,398,7679,"28,82",730,08/06/2025 00:00,05/06/2025 00:00,Medium
01/07/2025 00:00,SKU0015,Solvents Grade A,Solvents,litre,465,39,6,497,234,7679,"28,82",730,08/07/2025 00:00,11/07/2025 00:00,Medium
01/08/2025 00:00,SKU0015,Solvents Grade A,Solvents,litre,453,39,8,633,0,7679,"28,82",730,,,Medium
01/11/2024 00:00,SKU0016,Solvents Grade B,Solvents,litre,192,27,4,211,172,8579,"4,17",730,08/11/2024 00:00,18/11/2024 00:00,Low
01/12/2024 00:00,SKU0016,Solvents Grade B,Solvents,litre,150,27,7,198,129,8579,"4,17",730,08/12/2024 00:00,12/12/2024 00:00,Low
01/01/2025 00:00,SKU0016,Solvents Grade B,Solvents,litre,207,27,8,228,158,8579,"4,17",730,08/01/2025 00:00,09/01/2025 00:00,Low
01/02/2025 00:00,SKU0016,Solvents Grade B,Solvents,litre,171,27,9,25,212,8579,"4,17",730,08/02/2025 00:00,07/02/2025 00:00,Low
01/03/2025 00:00,SKU0016,Solvents Grade B,Solvents,litre,113,27,8,15,109,8579,"4,17",730,08/03/2025 00:00,16/03/2025 00:00,Low
01/04/2025 00:00,SKU0016,Solvents Grade B,Solvents,litre,165,27,8,291,140,8579,"4,17",730,08/04/2025 00:00,12/04/2025 00:00,Low
01/05/2025 00:00,SKU0016,Solvents Grade B,Solvents,litre,223,27,6,281,214,8579,"4,17",730,08/05/2025 00:00,10/05/2025 00:00,Low
01/06/2025 00:00,SKU0016,Solvents Grade B,Solvents,litre,163,27,3,5,24,8579,"4,17",730,08/06/2025 00:00,15/06/2025 00:00,Low
01/07/2025 00:00,SKU0016,Solvents Grade B,Solvents,litre,209,27,10,448,125,8579,"4,17",730,08/07/2025 00:00,07/07/2025 00:00,Low
01/08/2025 00:00,SKU0016,Solvents Grade B,Solvents,litre,175,27,3,140,217,8579,"4,17",730,08/08/2025 00:00,05/08/2025 00:00,Low
01/11/2024 00:00,SKU0017,Additives Grade C,Additives,kg,1767,29,5,1392,555,4909,"30,71",540,08/11/2024 00:00,07/11/2024 00:00,High
01/12/2024 00:00,SKU0017,Additives Grade C,Additives,kg,1197,29,7,0,625,4909,"30,71",540,08/12/2024 00:00,09/12/2024 00:00,High
01/01/2025 00:00,SKU0017,Additives Grade C,Additives,kg,2055,29,9,1990,1509,4909,"30,71",540,08/01/2025 00:00,18/01/2025 00:00,High
01/02/2025 00:00,SKU0017,Additives Grade C,Additives,kg,1895,29,8,1477,726,4909,"30,71",540,08/02/2025 00:00,07/02/2025 00:00,High
01/03/2025 00:00,SKU0017,Additives Grade C,Additives,kg,1606,29,7,2626,1615,4909,"30,71",540,08/03/2025 00:00,05/03/2025 00:00,High
01/04/2025 00:00,SKU0017,Additives Grade C,Additives,kg,1381,29,6,1180,1571,4909,"30,71",540,08/04/2025 00:00,09/04/2025 00:00,High
01/05/2025 00:00,SKU0017,Additives Grade C,Additives,kg,1535,29,12,1432,1156,4909,"30,71",540,08/05/2025 00:00,14/05/2025 00:00,High
01/06/2025 00:00,SKU0017,Additives Grade C,Additives,kg,1461,29,8,1365,1687,4909,"30,71",540,08/06/2025 00:00,11/06/2025 00:00,High
01/07/2025 00:00,SKU0017,Additives Grade C,Additives,kg,1367,29,14,1432,1220,4909,"30,71",540,08/07/2025 00:00,18/07/2025 00:00,High
01/08/2025 00:00,SKU0017,Additives Grade C,Additives,kg,2120,29,6,1345,2014,4909,"30,71",540,08/08/2025 00:00,11/08/2025 00:00,High
01/11/2024 00:00,SKU0018,Packaging Grade A,Packaging,kg,146,37,8,194,130,5326,"12,22",1095,08/11/2024 00:00,15/11/2024 00:00,Low
01/12/2024 00:00,SKU0018,Packaging Grade A,Packaging,kg,134,37,6,147,77,5326,"12,22",1095,08/12/2024 00:00,13/12/2024 00:00,Low
01/01/2025 00:00,SKU0018,Packaging Grade A,Packaging,kg,110,37,7,78,112,5326,"12,22",1095,08/01/2025 00:00,14/01/2025 00:00,Low
01/02/2025 00:00,SKU0018,Packaging Grade A,Packaging,kg,165,37,1,163,115,5326,"12,22",1095,08/02/2025 00:00,14/02/2025 00:00,Low
01/03/2025 00:00,SKU0018,Packaging Grade A,Packaging,kg,156,37,1,0,163,5326,"12,22",1095,08/03/2025 00:00,16/03/2025 00:00,Low
01/04/2025 00:00,SKU0018,Packaging Grade A,Packaging,kg,109,37,11,62,68,5326,"12,22",1095,08/04/2025 00:00,17/04/2025 00:00,Low
01/05/2025 00:00,SKU0018,Packaging Grade A,Packaging,kg,154,37,1,7,167,5326,"12,22",1095,08/05/2025 00:00,07/05/2025 00:00,Low
01/06/2025 00:00,SKU0018,Packaging Grade A,Packaging,kg,90,37,9,82,44,5326,"12,22",1095,08/06/2025 00:00,11/06/2025 00:00,Low
01/07/2025 00:00,SKU0018,Packaging Grade A,Packaging,kg,134,37,1,137,148,5326,"12,22",1095,08/07/2025 00:00,05/07/2025 00:00,Low
01/08/2025 00:00,SKU0018,Packaging Grade A,Packaging,kg,94,37,3,74,69,5326,"12,22",1095,08/08/2025 00:00,08/08/2025 00:00,Low
01/11/2024 00:00,SKU0019,Packaging Grade C,Packaging,kg,520,21,4,612,205,5942,"13,88",365,08/11/2024 00:00,17/11/2024 00:00,Medium
01/12/2024 00:00,SKU0019,Packaging Grade C,Packaging,kg,511,21,5,177,492,5942,"13,88",365,08/12/2024 00:00,08/12/2024 00:00,Medium
01/01/2025 00:00,SKU0019,Packaging Grade C,Packaging,kg,491,21,8,491,369,5942,"13,88",365,08/01/2025 00:00,18/01/2025 00:00,Medium
01/02/2025 00:00,SKU0019,Packaging Grade C,Packaging,kg,783,21,4,295,485,5942,"13,88",365,08/02/2025 00:00,09/02/2025 00:00,Medium
01/03/2025 00:00,SKU0019,Packaging Grade C,Packaging,kg,345,21,3,0,286,5942,"13,88",365,08/03/2025 00:00,11/03/2025 00:00,Medium
01/04/2025 00:00,SKU0019,Packaging Grade C,Packaging,kg,786,21,11,0,869,5942,"13,88",365,08/04/2025 00:00,11/04/2025 00:00,Medium
01/05/2025 00:00,SKU0019,Packaging Grade C,Packaging,kg,523,21,9,327,412,5942,"13,88",365,08/05/2025 00:00,17/05/2025 00:00,Medium
01/06/2025 00:00,SKU0019,Packaging Grade C,Packaging,kg,538,21,6,46,313,5942,"13,88",365,08/06/2025 00:00,15/06/2025 00:00,Medium
01/07/2025 00:00,SKU0019,Packaging Grade C,Packaging,kg,572,21,4,1359,574,5942,"13,88",365,08/07/2025 00:00,17/07/2025 00:00,Medium
01/08/2025 00:00,SKU0019,Packaging Grade C,Packaging,kg,325,21,8,262,85,5942,"13,88",365,08/08/2025 00:00,08/08/2025 00:00,Medium
01/11/2024 00:00,SKU0020,Solvents Grade B,Solvents,litre,446,52,6,75,77,3149,"25,97",1095,08/11/2024 00:00,17/11/2024 00:00,Medium
01/12/2024 00:00,SKU0020,Solvents Grade B,Solvents,litre,423,52,6,31,380,3149,"25,97",1095,08/12/2024 00:00,11/12/2024 00:00,Medium
01/01/2025 00:00,SKU0020,Solvents Grade B,Solvents,litre,347,52,4,264,177,3149,"25,97",1095,08/01/2025 00:00,15/01/2025 00:00,Medium
01/02/2025 00:00,SKU0020,Solvents Grade B,Solvents,litre,382,52,9,431,149,3149,"25,97",1095,08/02/2025 00:00,07/02/2025 00:00,Medium
01/03/2025 00:00,SKU0020,Solvents Grade B,Solvents,litre,404,52,8,611,410,3149,"25,97",1095,08/03/2025 00:00,10/03/2025 00:00,Medium
01/04/2025 00:00,SKU0020,Solvents Grade B,Solvents,litre,256,52,6,185,263,3149,"25,97",1095,08/04/2025 00:00,16/04/2025 00:00,Medium
01/05/2025 00:00,SKU0020,Solvents Grade B,Solvents,litre,267,52,8,335,135,3149,"25,97",1095,08/05/2025 00:00,06/05/2025 00:00,Medium
01/06/2025 00:00,SKU0020,Solvents Grade B,Solvents,litre,163,52,11,33,145,3149,"25,97",1095,08/06/2025 00:00,14/06/2025 00:00,Medium
01/07/2025 00:00,SKU0020,Solvents Grade B,Solvents,litre,296,52,1,602,89,3149,"25,97",1095,08/07/2025 00:00,17/07/2025 00:00,Medium
01/08/2025 00:00,SKU0020,Solvents Grade B,Solvents,litre,399,52,3,425,439,3149,"25,97",1095,08/08/2025 00:00,18/08/2025 00:00,Medium
01/11/2024 00:00,SKU0021,Additives Grade C,Additives,kg,582,47,8,523,470,3154,"29,76",1095,08/11/2024 00:00,13/11/2024 00:00,Medium
01/12/2024 00:00,SKU0021,Additives Grade C,Additives,kg,522,47,5,650,417,3154,"29,76",1095,08/12/2024 00:00,09/12/2024 00:00,Medium
01/01/2025 00:00,SKU0021,Additives Grade C,Additives,kg,575,47,10,414,286,3154,"29,76",1095,08/01/2025 00:00,10/01/2025 00:00,Medium
01/02/2025 00:00,SKU0021,Additives Grade C,Additives,kg,525,47,5,167,594,3154,"29,76",1095,08/02/2025 00:00,16/02/2025 00:00,Medium
01/03/2025 00:00,SKU0021,Additives Grade C,Additives,kg,625,47,3,701,684,3154,"29,76",1095,08/03/2025 00:00,16/03/2025 00:00,Medium
01/04/2025 00:00,SKU0021,Additives Grade C,Additives,kg,552,47,4,499,431,3154,"29,76",1095,08/04/2025 00:00,16/04/2025 00:00,Medium
01/05/2025 00:00,SKU0021,Additives Grade C,Additives,kg,325,47,6,211,371,3154,"29,76",1095,08/05/2025 00:00,16/05/2025 00:00,Medium
01/06/2025 00:00,SKU0021,Additives Grade C,Additives,kg,534,47,8,328,496,3154,"29,76",1095,08/06/2025 00:00,08/06/2025 00:00,Medium
01/07/2025 00:00,SKU0021,Additives Grade C,Additives,kg,649,47,9,750,269,3154,"29,76",1095,08/07/2025 00:00,18/07/2025 00:00,Medium
01/08/2025 00:00,SKU0021,Additives Grade C,Additives,kg,564,47,1,1147,187,3154,"29,76",1095,08/08/2025 00:00,18/08/2025 00:00,Medium
01/11/2024 00:00,SKU0022,Surfactants Grade C,Surfactants,kg,386,57,6,781,114,9046,"15,9",365,08/11/2024 00:00,15/11/2024 00:00,Medium
01/12/2024 00:00,SKU0022,Surfactants Grade C,Surfactants,kg,435,57,4,664,284,9046,"15,9",365,08/12/2024 00:00,14/12/2024 00:00,Medium
01/01/2025 00:00,SKU0022,Surfactants Grade C,Surfactants,kg,251,57,6,145,106,9046,"15,9",365,08/01/2025 00:00,11/01/2025 00:00,Medium
01/02/2025 00:00,SKU0022,Surfactants Grade C,Surfactants,kg,396,57,4,32,271,9046,"15,9",365,08/02/2025 00:00,16/02/2025 00:00,Medium
01/03/2025 00:00,SKU0022,Surfactants Grade C,Surfactants,kg,485,57,1,410,632,9046,"15,9",365,08/03/2025 00:00,13/03/2025 00:00,Medium
01/04/2025 00:00,SKU0022,Surfactants Grade C,Surfactants,kg,377,57,7,31,234,9046,"15,9",365,08/04/2025 00:00,11/04/2025 00:00,Medium
01/05/2025 00:00,SKU0022,Surfactants Grade C,Surfactants,kg,405,57,10,221,318,9046,"15,9",365,08/05/2025 00:00,18/05/2025 00:00,Medium
01/06/2025 00:00,SKU0022,Surfactants Grade C,Surfactants,kg,268,57,9,324,0,9046,"15,9",365,,,Medium
01/07/2025 00:00,SKU0022,Surfactants Grade C,Surfactants,kg,270,57,5,83,115,9046,"15,9",365,08/07/2025 00:00,05/07/2025 00:00,Medium
01/08/2025 00:00,SKU0022,Surfactants Grade C,Surfactants,kg,226,57,9,234,92,9046,"15,9",365,08/08/2025 00:00,13/08/2025 00:00,Medium
01/11/2024 00:00,SKU0023,Intermediates Grade A,Intermediates,kg,425,24,5,992,217,8204,"33,56",1095,08/11/2024 00:00,15/11/2024 00:00,High
01/12/2024 00:00,SKU0023,Intermediates Grade A,Intermediates,kg,657,24,7,1515,385,8204,"33,56",1095,08/12/2024 00:00,18/12/2024 00:00,High
01/01/2025 00:00,SKU0023,Intermediates Grade A,Intermediates,kg,755,24,4,602,485,8204,"33,56",1095,08/01/2025 00:00,13/01/2025 00:00,High
01/02/2025 00:00,SKU0023,Intermediates Grade A,Intermediates,kg,621,24,5,0,511,8204,"33,56",1095,08/02/2025 00:00,08/02/2025 00:00,High
01/03/2025 00:00,SKU0023,Intermediates Grade A,Intermediates,kg,594,24,5,414,538,8204,"33,56",1095,08/03/2025 00:00,17/03/2025 00:00,High
01/04/2025 00:00,SKU0023,Intermediates Grade A,Intermediates,kg,834,24,8,1598,284,8204,"33,56",1095,08/04/2025 00:00,13/04/2025 00:00,High
01/05/2025 00:00,SKU0023,Intermediates Grade A,Intermediates,kg,773,24,9,1395,973,8204,"33,56",1095,08/05/2025 00:00,07/05/2025 00:00,High
01/06/2025 00:00,SKU0023,Intermediates Grade A,Intermediates,kg,813,24,6,470,677,8204,"33,56",1095,08/06/2025 00:00,11/06/2025 00:00,High
01/07/2025 00:00,SKU0023,Intermediates Grade A,Intermediates,kg,769,24,9,1274,563,8204,"33,56",1095,08/07/2025 00:00,10/07/2025 00:00,High
01/08/2025 00:00,SKU0023,Intermediates Grade A,Intermediates,kg,649,24,8,130,519,8204,"33,56",1095,08/08/2025 00:00,12/08/2025 00:00,High
01/11/2024 00:00,SKU0024,Intermediates Grade C,Intermediates,litre,97,46,4,25,79,8160,"30,69",540,08/11/2024 00:00,15/11/2024 00:00,Low
01/12/2024 00:00,SKU0024,Intermediates Grade C,Intermediates,litre,85,46,7,127,52,8160,"30,69",540,08/12/2024 00:00,13/12/2024 00:00,Low
01/01/2025 00:00,SKU0024,Intermediates Grade C,Intermediates,litre,89,46,1,118,84,8160,"30,69",540,08/01/2025 00:00,18/01/2025 00:00,Low
01/02/2025 00:00,SKU0024,Intermediates Grade C,Intermediates,litre,85,46,12,127,48,8160,"30,69",540,08/02/2025 00:00,09/02/2025 00:00,Low
01/03/2025 00:00,SKU0024,Intermediates Grade C,Intermediates,litre,106,46,3,120,27,8160,"30,69",540,08/03/2025 00:00,05/03/2025 00:00,Low
01/04/2025 00:00,SKU0024,Intermediates Grade C,Intermediates,litre,133,46,11,127,66,8160,"30,69",540,08/04/2025 00:00,07/04/2025 00:00,Low
01/05/2025 00:00,SKU0024,Intermediates Grade C,Intermediates,litre,71,46,8,86,53,8160,"30,69",540,08/05/2025 00:00,14/05/2025 00:00,Low
01/06/2025 00:00,SKU0024,Intermediates Grade C,Intermediates,litre,83,46,8,54,89,8160,"30,69",540,08/06/2025 00:00,16/06/2025 00:00,Low
01/07/2025 00:00,SKU0024,Intermediates Grade C,Intermediates,litre,82,46,12,14,37,8160,"30,69",540,08/07/2025 00:00,12/07/2025 00:00,Low
01/08/2025 00:00,SKU0024,Intermediates Grade C,Intermediates,litre,92,46,4,0,63,8160,"30,69",540,08/08/2025 00:00,15/08/2025 00:00,Low
01/11/2024 00:00,SKU0025,Intermediates Grade A,Intermediates,litre,705,23,7,1251,569,7435,"27,96",540,08/11/2024 00:00,10/11/2024 00:00,High
01/12/2024 00:00,SKU0025,Intermediates Grade A,Intermediates,litre,715,23,4,608,652,7435,"27,96",540,08/12/2024 00:00,12/12/2024 00:00,High
01/01/2025 00:00,SKU0025,Intermediates Grade A,Intermediates,litre,838,23,6,2275,670,7435,"27,96",540,08/01/2025 00:00,13/01/2025 00:00,High
01/02/2025 00:00,SKU0025,Intermediates Grade A,Intermediates,litre,576,23,6,0,352,7435,"27,96",540,08/02/2025 00:00,08/02/2025 00:00,High
01/03/2025 00:00,SKU0025,Intermediates Grade A,Intermediates,litre,816,23,12,1181,449,7435,"27,96",540,08/03/2025 00:00,05/03/2025 00:00,High
01/04/2025 00:00,SKU0025,Intermediates Grade A,Intermediates,litre,893,23,10,56,688,7435,"27,96",540,08/04/2025 00:00,18/04/2025 00:00,High
01/05/2025 00:00,SKU0025,Intermediates Grade A,Intermediates,litre,860,23,7,25,479,7435,"27,96",540,08/05/2025 00:00,05/05/2025 00:00,High
01/06/2025 00:00,SKU0025,Intermediates Grade A,Intermediates,litre,798,23,9,542,249,7435,"27,96",540,08/06/2025 00:00,14/06/2025 00:00,High
01/07/2025 00:00,SKU0025,Intermediates Grade A,Intermediates,litre,838,23,3,649,328,7435,"27,96",540,08/07/2025 00:00,08/07/2025 00:00,High
01/08/2025 00:00,SKU0025,Intermediates Grade A,Intermediates,litre,937,23,4,467,830,7435,"27,96",540,08/08/2025 00:00,16/08/2025 00:00,High
01/11/2024 00:00,SKU0026,Packaging Grade B,Packaging,litre,227,52,7,123,58,6988,"0,5",365,08/11/2024 00:00,18/11/2024 00:00,Medium
01/12/2024 00:00,SKU0026,Packaging Grade B,Packaging,litre,254,52,6,50,135,6988,"0,5",365,08/12/2024 00:00,11/12/2024 00:00,Medium
01/01/2025 00:00,SKU0026,Packaging Grade B,Packaging,litre,190,52,7,200,161,6988,"0,5",365,08/01/2025 00:00,06/01/2025 00:00,Medium
01/02/2025 00:00,SKU0026,Packaging Grade B,Packaging,litre,169,52,10,124,187,6988,"0,5",365,08/02/2025 00:00,07/02/2025 00:00,Medium
01/03/2025 00:00,SKU0026,Packaging Grade B,Packaging,litre,206,52,8,40,128,6988,"0,5",365,08/03/2025 00:00,05/03/2025 00:00,Medium
01/04/2025 00:00,SKU0026,Packaging Grade B,Packaging,litre,191,52,3,319,100,6988,"0,5",365,08/04/2025 00:00,09/04/2025 00:00,Medium
01/05/2025 00:00,SKU0026,Packaging Grade B,Packaging,litre,224,52,8,328,187,6988,"0,5",365,08/05/2025 00:00,05/05/2025 00:00,Medium
01/06/2025 00:00,SKU0026,Packaging Grade B,Packaging,litre,194,52,3,2,98,6988,"0,5",365,08/06/2025 00:00,12/06/2025 00:00,Medium
01/07/2025 00:00,SKU0026,Packaging Grade B,Packaging,litre,108,52,5,80,87,6988,"0,5",365,08/07/2025 00:00,05/07/2025 00:00,Medium
01/08/2025 00:00,SKU0026,Packaging Grade B,Packaging,litre,214,52,4,279,185,6988,"0,5",365,08/08/2025 00:00,15/08/2025 00:00,Medium
01/11/2024 00:00,SKU0027,Surfactants Grade A,Surfactants,kg,65,33,8,139,28,7771,"28,22",730,08/11/2024 00:00,05/11/2024 00:00,Low
01/12/2024 00:00,SKU0027,Surfactants Grade A,Surfactants,kg,78,33,12,51,45,7771,"28,22",730,08/12/2024 00:00,06/12/2024 00:00,Low
01/01/2025 00:00,SKU0027,Surfactants Grade A,Surfactants,kg,37,33,2,46,38,7771,"28,22",730,08/01/2025 00:00,06/01/2025 00:00,Low
01/02/2025 00:00,SKU0027,Surfactants Grade A,Surfactants,kg,50,33,9,56,72,7771,"28,22",730,08/02/2025 00:00,16/02/2025 00:00,Low
01/03/2025 00:00,SKU0027,Surfactants Grade A,Surfactants,kg,52,33,9,20,68,7771,"28,22",730,08/03/2025 00:00,10/03/2025 00:00,Low
01/04/2025 00:00,SKU0027,Surfactants Grade A,Surfactants,kg,67,33,2,60,85,7771,"28,22",730,08/04/2025 00:00,11/04/2025 00:00,Low
01/05/2025 00:00,SKU0027,Surfactants Grade A,Surfactants,kg,67,33,7,93,0,7771,"28,22",730,,,Low
01/06/2025 00:00,SKU0027,Surfactants Grade A,Surfactants,kg,62,33,5,82,48,7771,"28,22",730,08/06/2025 00:00,05/06/2025 00:00,Low
01/07/2025 00:00,SKU0027,Surfactants Grade A,Surfactants,kg,71,33,11,88,51,7771,"28,22",730,08/07/2025 00:00,05/07/2025 00:00,Low
01/08/2025 00:00,SKU0027,Surfactants Grade A,Surfactants,kg,38,33,1,40,28,7771,"28,22",730,08/08/2025 00:00,07/08/2025 00:00,Low
01/11/2024 00:00,SKU0028,Solvents Grade A,Solvents,litre,135,19,5,0,99,913,"17,19",365,08/11/2024 00:00,18/11/2024 00:00,Low
01/12/2024 00:00,SKU0028,Solvents Grade A,Solvents,litre,115,19,2,0,0,913,"17,19",365,,,Low
01/01/2025 00:00,SKU0028,Solvents Grade A,Solvents,litre,143,19,4,56,90,913,"17,19",365,08/01/2025 00:00,09/01/2025 00:00,Low
01/02/2025 00:00,SKU0028,Solvents Grade A,Solvents,litre,133,19,4,131,152,913,"17,19",365,08/02/2025 00:00,16/02/2025 00:00,Low
01/03/2025 00:00,SKU0028,Solvents Grade A,Solvents,litre,132,19,7,46,78,913,"17,19",365,08/03/2025 00:00,14/03/2025 00:00,Low
01/04/2025 00:00,SKU0028,Solvents Grade A,Solvents,litre,117,19,7,72,86,913,"17,19",365,08/04/2025 00:00,10/04/2025 00:00,Low
01/05/2025 00:00,SKU0028,Solvents Grade A,Solvents,litre,175,19,8,220,171,913,"17,19",365,08/05/2025 00:00,11/05/2025 00:00,Low
01/06/2025 00:00,SKU0028,Solvents Grade A,Solvents,litre,103,19,7,182,102,913,"17,19",365,08/06/2025 00:00,08/06/2025 00:00,Low
01/07/2025 00:00,SKU0028,Solvents Grade A,Solvents,litre,157,19,4,150,169,913,"17,19",365,08/07/2025 00:00,11/07/2025 00:00,Low
01/08/2025 00:00,SKU0028,Solvents Grade A,Solvents,litre,185,19,6,284,200,913,"17,19",365,08/08/2025 00:00,15/08/2025 00:00,Low
01/11/2024 00:00,SKU0029,Packaging Grade C,Packaging,litre,126,56,3,101,107,6069,"15,42",540,08/11/2024 00:00,12/11/2024 00:00,Low
01/12/2024 00:00,SKU0029,Packaging Grade C,Packaging,litre,90,56,7,70,56,6069,"15,42",540,08/12/2024 00:00,15/12/2024 00:00,Low
01/01/2025 00:00,SKU0029,Packaging Grade C,Packaging,litre,100,56,9,68,50,6069,"15,42",540,08/01/2025 00:00,05/01/2025 00:00,Low
01/02/2025 00:00,SKU0029,Packaging Grade C,Packaging,litre,139,56,10,150,136,6069,"15,42",540,08/02/2025 00:00,10/02/2025 00:00,Low
01/03/2025 00:00,SKU0029,Packaging Grade C,Packaging,litre,112,56,10,98,25,6069,"15,42",540,08/03/2025 00:00,12/03/2025 00:00,Low
01/04/2025 00:00,SKU0029,Packaging Grade C,Packaging,litre,146,56,2,85,113,6069,"15,42",540,08/04/2025 00:00,09/04/2025 00:00,Low
01/05/2025 00:00,SKU0029,Packaging Grade C,Packaging,litre,132,56,11,350,112,6069,"15,42",540,08/05/2025 00:00,08/05/2025 00:00,Low
01/06/2025 00:00,SKU0029,Packaging Grade C,Packaging,litre,107,56,9,169,124,6069,"15,42",540,08/06/2025 00:00,06/06/2025 00:00,Low
01/07/2025 00:00,SKU0029,Packaging Grade C,Packaging,litre,157,56,11,317,111,6069,"15,42",540,08/07/2025 00:00,10/07/2025 00:00,Low
01/08/2025 00:00,SKU0029,Packaging Grade C,Packaging,litre,131,56,6,93,123,6069,"15,42",540,08/08/2025 00:00,10/08/2025 00:00,Low
01/11/2024 00:00,SKU0030,Solvents Grade C,Solvents,kg,187,27,6,175,145,6942,"23,57",1095,08/11/2024 00:00,15/11/2024 00:00,Medium
01/12/2024 00:00,SKU0030,Solvents Grade C,Solvents,kg,339,27,8,0,109,6942,"23,57",1095,08/12/2024 00:00,05/12/2024 00:00,Medium
01/01/2025 00:00,SKU0030,Solvents Grade C,Solvents,kg,282,27,3,246,259,6942,"23,57",1095,08/01/2025 00:00,13/01/2025 00:00,Medium
01/02/2025 00:00,SKU0030,Solvents Grade C,Solvents,kg,254,27,4,10,104,6942,"23,57",1095,08/02/2025 00:00,16/02/2025 00:00,Medium
01/03/2025 00:00,SKU0030,Solvents Grade C,Solvents,kg,208,27,7,121,189,6942,"23,57",1095,08/03/2025 00:00,15/03/2025 00:00,Medium
01/04/2025 00:00,SKU0030,Solvents Grade C,Solvents,kg,243,27,9,480,261,6942,"23,57",1095,08/04/2025 00:00,10/04/2025 00:00,Medium
01/05/2025 00:00,SKU0030,Solvents Grade C,Solvents,kg,247,27,8,310,309,6942,"23,57",1095,08/05/2025 00:00,17/05/2025 00:00,Medium
01/06/2025 00:00,SKU0030,Solvents Grade C,Solvents,kg,379,27,7,373,215,6942,"23,57",1095,08/06/2025 00:00,07/06/2025 00:00,Medium
01/07/2025 00:00,SKU0030,Solvents Grade C,Solvents,kg,259,27,6,24,180,6942,"23,57",1095,08/07/2025 00:00,08/07/2025 00:00,Medium
01/08/2025 00:00,SKU0030,Solvents Grade C,Solvents,kg,316,27,10,81,152,6942,"23,57",1095,08/08/2025 00:00,16/08/2025 00:00,Medium
01/11/2024 00:00,SKU0031,Intermediates Grade A,Intermediates,kg,211,42,6,254,185,6718,"21,9",730,08/11/2024 00:00,15/11/2024 00:00,Low
01/12/2024 00:00,SKU0031,Intermediates Grade A,Intermediates,kg,156,42,3,244,129,6718,"21,9",730,08/12/2024 00:00,08/12/2024 00:00,Low
01/01/2025 00:00,SKU0031,Intermediates Grade A,Intermediates,kg,145,42,6,214,130,6718,"21,9",730,08/01/2025 00:00,07/01/2025 00:00,Low
01/02/2025 00:00,SKU0031,Intermediates Grade A,Intermediates,kg,64,42,5,94,65,6718,"21,9",730,08/02/2025 00:00,14/02/2025 00:00,Low
01/03/2025 00:00,SKU0031,Intermediates Grade A,Intermediates,kg,214,42,10,234,236,6718,"21,9",730,08/03/2025 00:00,07/03/2025 00:00,Low
01/04/2025 00:00,SKU0031,Intermediates Grade A,Intermediates,kg,123,42,5,53,93,6718,"21,9",730,08/04/2025 00:00,07/04/2025 00:00,Low
01/05/2025 00:00,SKU0031,Intermediates Grade A,Intermediates,kg,153,42,5,151,185,6718,"21,9",730,08/05/2025 00:00,08/05/2025 00:00,Low
01/06/2025 00:00,SKU0031,Intermediates Grade A,Intermediates,kg,127,42,6,41,75,6718,"21,9",730,08/06/2025 00:00,11/06/2025 00:00,Low
01/07/2025 00:00,SKU0031,Intermediates Grade A,Intermediates,kg,159,42,6,0,135,6718,"21,9",730,08/07/2025 00:00,08/07/2025 00:00,Low
01/08/2025 00:00,SKU0031,Intermediates Grade A,Intermediates,kg,124,42,4,164,60,6718,"21,9",730,08/08/2025 00:00,13/08/2025 00:00,Low
01/11/2024 00:00,SKU0032,Solvents Grade C,Solvents,kg,399,15,6,0,363,3207,"15,73",730,08/11/2024 00:00,05/11/2024 00:00,Medium
01/12/2024 00:00,SKU0032,Solvents Grade C,Solvents,kg,253,15,5,293,105,3207,"15,73",730,08/12/2024 00:00,12/12/2024 00:00,Medium
01/01/2025 00:00,SKU0032,Solvents Grade C,Solvents,kg,287,15,3,364,281,3207,"15,73",730,08/01/2025 00:00,11/01/2025 00:00,Medium
01/02/2025 00:00,SKU0032,Solvents Grade C,Solvents,kg,364,15,1,139,443,3207,"15,73",730,08/02/2025 00:00,06/02/2025 00:00,Medium
01/03/2025 00:00,SKU0032,Solvents Grade C,Solvents,kg,353,15,5,285,359,3207,"15,73",730,08/03/2025 00:00,12/03/2025 00:00,Medium
01/04/2025 00:00,SKU0032,Solvents Grade C,Solvents,kg,268,15,14,291,172,3207,"15,73",730,08/04/2025 00:00,05/04/2025 00:00,Medium
01/05/2025 00:00,SKU0032,Solvents Grade C,Solvents,kg,255,15,5,337,200,3207,"15,73",730,08/05/2025 00:00,15/05/2025 00:00,Medium
01/06/2025 00:00,SKU0032,Solvents Grade C,Solvents,kg,369,15,9,280,502,3207,"15,73",730,08/06/2025 00:00,16/06/2025 00:00,Medium
01/07/2025 00:00,SKU0032,Solvents Grade C,Solvents,kg,292,15,8,170,147,3207,"15,73",730,08/07/2025 00:00,13/07/2025 00:00,Medium
01/08/2025 00:00,SKU0032,Solvents Grade C,Solvents,kg,283,15,7,194,33,3207,"15,73",730,08/08/2025 00:00,13/08/2025 00:00,Medium
01/11/2024 00:00,SKU0033,Solvents Grade A,Solvents,kg,425,28,8,308,0,9839,"28,97",365,,,Medium
01/12/2024 00:00,SKU0033,Solvents Grade A,Solvents,kg,460,28,8,428,118,9839,"28,97",365,08/12/2024 00:00,11/12/2024 00:00,Medium
01/01/2025 00:00,SKU0033,Solvents Grade A,Solvents,kg,433,28,5,892,263,9839,"28,97",365,08/01/2025 00:00,18/01/2025 00:00,Medium
01/02/2025 00:00,SKU0033,Solvents Grade A,Solvents,kg,505,28,9,518,201,9839,"28,97",365,08/02/2025 00:00,14/02/2025 00:00,Medium
01/03/2025 00:00,SKU0033,Solvents Grade A,Solvents,kg,488,28,14,99,504,9839,"28,97",365,08/03/2025 00:00,07/03/2025 00:00,Medium
01/04/2025 00:00,SKU0033,Solvents Grade A,Solvents,kg,528,28,7,0,170,9839,"28,97",365,08/04/2025 00:00,11/04/2025 00:00,Medium
01/05/2025 00:00,SKU0033,Solvents Grade A,Solvents,kg,501,28,8,317,503,9839,"28,97",365,08/05/2025 00:00,16/05/2025 00:00,Medium
01/06/2025 00:00,SKU0033,Solvents Grade A,Solvents,kg,394,28,8,36,422,9839,"28,97",365,08/06/2025 00:00,14/06/2025 00:00,Medium
01/07/2025 00:00,SKU0033,Solvents Grade A,Solvents,kg,523,28,9,604,304,9839,"28,97",365,08/07/2025 00:00,13/07/2025 00:00,Medium
01/08/2025 00:00,SKU0033,Solvents Grade A,Solvents,kg,421,28,4,495,122,9839,"28,97",365,08/08/2025 00:00,08/08/2025 00:00,Medium
01/11/2024 00:00,SKU0034,Intermediates Grade A,Intermediates,kg,814,31,7,770,509,3677,"23,29",540,08/11/2024 00:00,16/11/2024 00:00,High
01/12/2024 00:00,SKU0034,Intermediates Grade A,Intermediates,kg,964,31,7,412,1448,3677,"23,29",540,08/12/2024 00:00,05/12/2024 00:00,High
01/01/2025 00:00,SKU0034,Intermediates Grade A,Intermediates,kg,817,31,13,865,800,3677,"23,29",540,08/01/2025 00:00,06/01/2025 00:00,High
01/02/2025 00:00,SKU0034,Intermediates Grade A,Intermediates,kg,950,31,5,546,564,3677,"23,29",540,08/02/2025 00:00,05/02/2025 00:00,High
01/03/2025 00:00,SKU0034,Intermediates Grade A,Intermediates,kg,708,31,7,409,189,3677,"23,29",540,08/03/2025 00:00,18/03/2025 00:00,High
01/04/2025 00:00,SKU0034,Intermediates Grade A,Intermediates,kg,899,31,6,577,79,3677,"23,29",540,08/04/2025 00:00,16/04/2025 00:00,High
01/05/2025 00:00,SKU0034,Intermediates Grade A,Intermediates,kg,878,31,6,1109,120,3677,"23,29",540,08/05/2025 00:00,09/05/2025 00:00,High
01/06/2025 00:00,SKU0034,Intermediates Grade A,Intermediates,kg,652,31,2,314,505,3677,"23,29",540,08/06/2025 00:00,09/06/2025 00:00,High
01/07/2025 00:00,SKU0034,Intermediates Grade A,Intermediates,kg,598,31,13,0,407,3677,"23,29",540,08/07/2025 00:00,15/07/2025 00:00,High
01/08/2025 00:00,SKU0034,Intermediates Grade A,Intermediates,kg,959,31,8,328,770,3677,"23,29",540,08/08/2025 00:00,11/08/2025 00:00,High
01/11/2024 00:00,SKU0035,Packaging Grade B,Packaging,kg,510,29,13,0,389,1713,"2,9",1095,08/11/2024 00:00,13/11/2024 00:00,High
01/12/2024 00:00,SKU0035,Packaging Grade B,Packaging,kg,684,29,5,558,609,1713,"2,9",1095,08/12/2024 00:00,13/12/2024 00:00,High
01/01/2025 00:00,SKU0035,Packaging Grade B,Packaging,kg,771,29,8,861,267,1713,"2,9",1095,08/01/2025 00:00,07/01/2025 00:00,High
01/02/2025 00:00,SKU0035,Packaging Grade B,Packaging,kg,662,29,8,981,540,1713,"2,9",1095,08/02/2025 00:00,07/02/2025 00:00,High
01/03/2025 00:00,SKU0035,Packaging Grade B,Packaging,kg,822,29,8,31,384,1713,"2,9",1095,08/03/2025 00:00,07/03/2025 00:00,High
01/04/2025 00:00,SKU0035,Packaging Grade B,Packaging,kg,533,29,7,156,227,1713,"2,9",1095,08/04/2025 00:00,08/04/2025 00:00,High
01/05/2025 00:00,SKU0035,Packaging Grade B,Packaging,kg,1177,29,13,724,790,1713,"2,9",1095,08/05/2025 00:00,12/05/2025 00:00,High
01/06/2025 00:00,SKU0035,Packaging Grade B,Packaging,kg,571,29,9,0,569,1713,"2,9",1095,08/06/2025 00:00,10/06/2025 00:00,High
01/07/2025 00:00,SKU0035,Packaging Grade B,Packaging,kg,581,29,3,711,732,1713,"2,9",1095,08/07/2025 00:00,12/07/2025 00:00,High
01/08/2025 00:00,SKU0035,Packaging Grade B,Packaging,kg,666,29,14,211,678,1713,"2,9",1095,08/08/2025 00:00,05/08/2025 00:00,High
01/11/2024 00:00,SKU0036,Solvents Grade B,Solvents,kg,212,36,6,361,45,1356,"16,72",1095,08/11/2024 00:00,12/11/2024 00:00,Medium
01/12/2024 00:00,SKU0036,Solvents Grade B,Solvents,kg,222,36,3,128,188,1356,"16,72",1095,08/12/2024 00:00,08/12/2024 00:00,Medium
01/01/2025 00:00,SKU0036,Solvents Grade B,Solvents,kg,161,36,6,228,77,1356,"16,72",1095,08/01/2025 00:00,15/01/2025 00:00,Medium
01/02/2025 00:00,SKU0036,Solvents Grade B,Solvents,kg,274,36,7,136,184,1356,"16,72",1095,08/02/2025 00:00,05/02/2025 00:00,Medium
01/03/2025 00:00,SKU0036,Solvents Grade B,Solvents,kg,253,36,4,47,90,1356,"16,72",1095,08/03/2025 00:00,12/03/2025 00:00,Medium
01/04/2025 00:00,SKU0036,Solvents Grade B,Solvents,kg,191,36,4,28,249,1356,"16,72",1095,08/04/2025 00:00,08/04/2025 00:00,Medium
01/05/2025 00:00,SKU0036,Solvents Grade B,Solvents,kg,262,36,5,325,129,1356,"16,72",1095,08/05/2025 00:00,10/05/2025 00:00,Medium
01/06/2025 00:00,SKU0036,Solvents Grade B,Solvents,kg,207,36,5,197,253,1356,"16,72",1095,08/06/2025 00:00,12/06/2025 00:00,Medium
01/07/2025 00:00,SKU0036,Solvents Grade B,Solvents,kg,193,36,12,198,165,1356,"16,72",1095,08/07/2025 00:00,08/07/2025 00:00,Medium
01/08/2025 00:00,SKU0036,Solvents Grade B,Solvents,kg,193,36,2,0,116,1356,"16,72",1095,08/08/2025 00:00,18/08/2025 00:00,Medium
01/11/2024 00:00,SKU0037,Additives Grade A,Additives,litre,704,57,11,694,293,5914,"17,08",365,08/11/2024 00:00,07/11/2024 00:00,High
01/12/2024 00:00,SKU0037,Additives Grade A,Additives,litre,922,57,9,1189,622,5914,"17,08",365,08/12/2024 00:00,18/12/2024 00:00,High
01/01/2025 00:00,SKU0037,Additives Grade A,Additives,litre,804,57,8,105,760,5914,"17,08",365,08/01/2025 00:00,13/01/2025 00:00,High
01/02/2025 00:00,SKU0037,Additives Grade A,Additives,litre,1063,57,8,1674,0,5914,"17,08",365,,,High
01/03/2025 00:00,SKU0037,Additives Grade A,Additives,litre,840,57,2,492,837,5914,"17,08",365,08/03/2025 00:00,13/03/2025 00:00,High
01/04/2025 00:00,SKU0037,Additives Grade A,Additives,litre,999,57,12,0,481,5914,"17,08",365,08/04/2025 00:00,17/04/2025 00:00,High
01/05/2025 00:00,SKU0037,Additives Grade A,Additives,litre,974,57,8,1370,198,5914,"17,08",365,08/05/2025 00:00,06/05/2025 00:00,High
01/06/2025 00:00,SKU0037,Additives Grade A,Additives,litre,1071,57,8,1296,262,5914,"17,08",365,08/06/2025 00:00,18/06/2025 00:00,High
01/07/2025 00:00,SKU0037,Additives Grade A,Additives,litre,626,57,5,342,426,5914,"17,08",365,08/07/2025 00:00,06/07/2025 00:00,High
01/08/2025 00:00,SKU0037,Additives Grade A,Additives,litre,808,57,2,1236,331,5914,"17,08",365,08/08/2025 00:00,06/08/2025 00:00,High
01/11/2024 00:00,SKU0038,Additives Grade A,Additives,litre,158,29,3,243,102,5580,"14,93",365,08/11/2024 00:00,10/11/2024 00:00,Medium
01/12/2024 00:00,SKU0038,Additives Grade A,Additives,litre,160,29,8,192,147,5580,"14,93",365,08/12/2024 00:00,07/12/2024 00:00,Medium
01/01/2025 00:00,SKU0038,Additives Grade A,Additives,litre,188,29,8,154,47,5580,"14,93",365,08/01/2025 00:00,17/01/2025 00:00,Medium
01/02/2025 00:00,SKU0038,Additives Grade A,Additives,litre,202,29,4,0,97,5580,"14,93",365,08/02/2025 00:00,13/02/2025 00:00,Medium
01/03/2025 00:00,SKU0038,Additives Grade A,Additives,litre,131,29,9,3,95,5580,"14,93",365,08/03/2025 00:00,08/03/2025 00:00,Medium
01/04/2025 00:00,SKU0038,Additives Grade A,Additives,litre,214,29,4,119,283,5580,"14,93",365,08/04/2025 00:00,05/04/2025 00:00,Medium
01/05/2025 00:00,SKU0038,Additives Grade A,Additives,litre,146,29,9,16,142,5580,"14,93",365,08/05/2025 00:00,08/05/2025 00:00,Medium
01/06/2025 00:00,SKU0038,Additives Grade A,Additives,litre,247,29,7,177,89,5580,"14,93",365,08/06/2025 00:00,05/06/2025 00:00,Medium
01/07/2025 00:00,SKU0038,Additives Grade A,Additives,litre,176,29,11,217,72,5580,"14,93",365,08/07/2025 00:00,18/07/2025 00:00,Medium
01/08/2025 00:00,SKU0038,Additives Grade A,Additives,litre,242,29,6,295,174,5580,"14,93",365,08/08/2025 00:00,09/08/2025 00:00,Medium
01/11/2024 00:00,SKU0039,Packaging Grade B,Packaging,kg,136,25,4,165,94,713,"0,79",1095,08/11/2024 00:00,08/11/2024 00:00,Low
01/12/2024 00:00,SKU0039,Packaging Grade B,Packaging,kg,172,25,6,164,137,713,"0,79",1095,08/12/2024 00:00,12/12/2024 00:00,Low
01/01/2025 00:00,SKU0039,Packaging Grade B,Packaging,kg,133,25,10,189,119,713,"0,79",1095,08/01/2025 00:00,12/01/2025 00:00,Low
01/02/2025 00:00,SKU0039,Packaging Grade B,Packaging,kg,106,25,8,40,43,713,"0,79",1095,08/02/2025 00:00,11/02/2025 00:00,Low
01/03/2025 00:00,SKU0039,Packaging Grade B,Packaging,kg,137,25,9,231,69,713,"0,79",1095,08/03/2025 00:00,07/03/2025 00:00,Low
01/04/2025 00:00,SKU0039,Packaging Grade B,Packaging,kg,142,25,8,0,109,713,"0,79",1095,08/04/2025 00:00,05/04/2025 00:00,Low
01/05/2025 00:00,SKU0039,Packaging Grade B,Packaging,kg,151,25,4,124,140,713,"0,79",1095,08/05/2025 00:00,05/05/2025 00:00,Low
01/06/2025 00:00,SKU0039,Packaging Grade B,Packaging,kg,117,25,10,64,135,713,"0,79",1095,08/06/2025 00:00,16/06/2025 00:00,Low
01/07/2025 00:00,SKU0039,Packaging Grade B,Packaging,kg,77,25,8,70,41,713,"0,79",1095,08/07/2025 00:00,15/07/2025 00:00,Low
01/08/2025 00:00,SKU0039,Packaging Grade B,Packaging,kg,69,25,3,22,0,713,"0,79",1095,,,Low
01/11/2024 00:00,SKU0040,Solvents Grade A,Solvents,litre,281,42,3,361,170,1545,"24,04",365,08/11/2024 00:00,10/11/2024 00:00,Medium
01/12/2024 00:00,SKU0040,Solvents Grade A,Solvents,litre,301,42,9,203,337,1545,"24,04",365,08/12/2024 00:00,11/12/2024 00:00,Medium
01/01/2025 00:00,SKU0040,Solvents Grade A,Solvents,litre,245,42,7,0,0,1545,"24,04",365,,,Medium
01/02/2025 00:00,SKU0040,Solvents Grade A,Solvents,litre,329,42,7,384,168,1545,"24,04",365,08/02/2025 00:00,18/02/2025 00:00,Medium
01/03/2025 00:00,SKU0040,Solvents Grade A,Solvents,litre,223,42,9,179,235,1545,"24,04",365,08/03/2025 00:00,18/03/2025 00:00,Medium
01/04/2025 00:00,SKU0040,Solvents Grade A,Solvents,litre,158,42,1,153,122,1545,"24,04",365,08/04/2025 00:00,10/04/2025 00:00,Medium
01/05/2025 00:00,SKU0040,Solvents Grade A,Solvents,litre,145,42,1,23,64,1545,"24,04",365,08/05/2025 00:00,10/05/2025 00:00,Medium
01/06/2025 00:00,SKU0040,Solvents Grade A,Solvents,litre,381,42,5,327,409,1545,"24,04",365,08/06/2025 00:00,17/06/2025 00:00,Medium
01/07/2025 00:00,SKU0040,Solvents Grade A,Solvents,litre,325,42,4,0,289,1545,"24,04",365,08/07/2025 00:00,07/07/2025 00:00,Medium
01/08/2025 00:00,SKU0040,Solvents Grade A,Solvents,litre,326,42,2,0,293,1545,"24,04",365,08/08/2025 00:00,10/08/2025 00:00,Medium
01/11/2024 00:00,SKU0041,Packaging Grade B,Packaging,litre,174,29,10,56,136,6635,"19,04",365,08/11/2024 00:00,12/11/2024 00:00,Medium
01/12/2024 00:00,SKU0041,Packaging Grade B,Packaging,litre,199,29,1,382,165,6635,"19,04",365,08/12/2024 00:00,15/12/2024 00:00,Medium
01/01/2025 00:00,SKU0041,Packaging Grade B,Packaging,litre,169,29,13,275,115,6635,"19,04",365,08/01/2025 00:00,15/01/2025 00:00,Medium
01/02/2025 00:00,SKU0041,Packaging Grade B,Packaging,litre,272,29,4,140,73,6635,"19,04",365,08/02/2025 00:00,06/02/2025 00:00,Medium
01/03/2025 00:00,SKU0041,Packaging Grade B,Packaging,litre,243,29,10,241,96,6635,"19,04",365,08/03/2025 00:00,09/03/2025 00:00,Medium
01/04/2025 00:00,SKU0041,Packaging Grade B,Packaging,litre,281,29,4,283,250,6635,"19,04",365,08/04/2025 00:00,18/04/2025 00:00,Medium
01/05/2025 00:00,SKU0041,Packaging Grade B,Packaging,litre,271,29,8,271,1,6635,"19,04",365,08/05/2025 00:00,05/05/2025 00:00,Medium
01/06/2025 00:00,SKU0041,Packaging Grade B,Packaging,litre,218,29,16,127,240,6635,"19,04",365,08/06/2025 00:00,16/06/2025 00:00,Medium
01/07/2025 00:00,SKU0041,Packaging Grade B,Packaging,litre,216,29,4,85,149,6635,"19,04",365,08/07/2025 00:00,05/07/2025 00:00,Medium
01/08/2025 00:00,SKU0041,Packaging Grade B,Packaging,litre,186,29,8,189,132,6635,"19,04",365,08/08/2025 00:00,09/08/2025 00:00,Medium
01/11/2024 00:00,SKU0042,Additives Grade B,Additives,kg,121,17,1,141,59,3746,"19,73",1095,08/11/2024 00:00,16/11/2024 00:00,Low
01/12/2024 00:00,SKU0042,Additives Grade B,Additives,kg,75,17,5,139,45,3746,"19,73",1095,08/12/2024 00:00,17/12/2024 00:00,Low
01/01/2025 00:00,SKU0042,Additives Grade B,Additives,kg,93,17,7,158,108,3746,"19,73",1095,08/01/2025 00:00,07/01/2025 00:00,Low
01/02/2025 00:00,SKU0042,Additives Grade B,Additives,kg,109,17,9,34,131,3746,"19,73",1095,08/02/2025 00:00,08/02/2025 00:00,Low
01/03/2025 00:00,SKU0042,Additives Grade B,Additives,kg,82,17,5,31,22,3746,"19,73",1095,08/03/2025 00:00,07/03/2025 00:00,Low
01/04/2025 00:00,SKU0042,Additives Grade B,Additives,kg,148,17,10,47,155,3746,"19,73",1095,08/04/2025 00:00,05/04/2025 00:00,Low
01/05/2025 00:00,SKU0042,Additives Grade B,Additives,kg,136,17,8,8,137,3746,"19,73",1095,08/05/2025 00:00,05/05/2025 00:00,Low
01/06/2025 00:00,SKU0042,Additives Grade B,Additives,kg,124,17,7,0,1,3746,"19,73",1095,08/06/2025 00:00,16/06/2025 00:00,Low
01/07/2025 00:00,SKU0042,Additives Grade B,Additives,kg,120,17,7,92,27,3746,"19,73",1095,08/07/2025 00:00,16/07/2025 00:00,Low
01/08/2025 00:00,SKU0042,Additives Grade B,Additives,kg,121,17,9,0,109,3746,"19,73",1095,08/08/2025 00:00,18/08/2025 00:00,Low
01/11/2024 00:00,SKU0043,Surfactants Grade B,Surfactants,litre,416,43,8,325,383,904,"23,45",730,08/11/2024 00:00,17/11/2024 00:00,Medium
01/12/2024 00:00,SKU0043,Surfactants Grade B,Surfactants,litre,428,43,1,432,76,904,"23,45",730,08/12/2024 00:00,18/12/2024 00:00,Medium
01/01/2025 00:00,SKU0043,Surfactants Grade B,Surfactants,litre,410,43,2,248,522,904,"23,45",730,08/01/2025 00:00,09/01/2025 00:00,Medium
01/02/2025 00:00,SKU0043,Surfactants Grade B,Surfactants,litre,384,43,8,144,284,904,"23,45",730,08/02/2025 00:00,10/02/2025 00:00,Medium
01/03/2025 00:00,SKU0043,Surfactants Grade B,Surfactants,litre,412,43,6,282,46,904,"23,45",730,08/03/2025 00:00,07/03/2025 00:00,Medium
01/04/2025 00:00,SKU0043,Surfactants Grade B,Surfactants,litre,411,43,10,74,440,904,"23,45",730,08/04/2025 00:00,16/04/2025 00:00,Medium
01/05/2025 00:00,SKU0043,Surfactants Grade B,Surfactants,litre,388,43,13,548,303,904,"23,45",730,08/05/2025 00:00,13/05/2025 00:00,Medium
01/06/2025 00:00,SKU0043,Surfactants Grade B,Surfactants,litre,441,43,5,586,480,904,"23,45",730,08/06/2025 00:00,09/06/2025 00:00,Medium
01/07/2025 00:00,SKU0043,Surfactants Grade B,Surfactants,litre,399,43,8,0,362,904,"23,45",730,08/07/2025 00:00,12/07/2025 00:00,Medium
01/08/2025 00:00,SKU0043,Surfactants Grade B,Surfactants,litre,443,43,7,238,466,904,"23,45",730,08/08/2025 00:00,17/08/2025 00:00,Medium
01/11/2024 00:00,SKU0044,Packaging Grade B,Packaging,kg,607,23,7,20,650,5299,"2,41",1095,08/11/2024 00:00,05/11/2024 00:00,Medium
01/12/2024 00:00,SKU0044,Packaging Grade B,Packaging,kg,652,23,4,815,586,5299,"2,41",1095,08/12/2024 00:00,18/12/2024 00:00,Medium
01/01/2025 00:00,SKU0044,Packaging Grade B,Packaging,kg,583,23,12,280,342,5299,"2,41",1095,08/01/2025 00:00,09/01/2025 00:00,Medium
01/02/2025 00:00,SKU0044,Packaging Grade B,Packaging,kg,549,23,3,1067,299,5299,"2,41",1095,08/02/2025 00:00,07/02/2025 00:00,Medium
01/03/2025 00:00,SKU0044,Packaging Grade B,Packaging,kg,408,23,3,249,60,5299,"2,41",1095,08/03/2025 00:00,16/03/2025 00:00,Medium
01/04/2025 00:00,SKU0044,Packaging Grade B,Packaging,kg,575,23,6,526,242,5299,"2,41",1095,08/04/2025 00:00,05/04/2025 00:00,Medium
01/05/2025 00:00,SKU0044,Packaging Grade B,Packaging,kg,519,23,7,179,167,5299,"2,41",1095,08/05/2025 00:00,08/05/2025 00:00,Medium
01/06/2025 00:00,SKU0044,Packaging Grade B,Packaging,kg,610,23,4,815,298,5299,"2,41",1095,08/06/2025 00:00,17/06/2025 00:00,Medium
01/07/2025 00:00,SKU0044,Packaging Grade B,Packaging,kg,476,23,9,839,425,5299,"2,41",1095,08/07/2025 00:00,09/07/2025 00:00,Medium
01/08/2025 00:00,SKU0044,Packaging Grade B,Packaging,kg,558,23,5,561,447,5299,"2,41",1095,08/08/2025 00:00,11/08/2025 00:00,Medium
01/11/2024 00:00,SKU0045,Solvents Grade A,Solvents,litre,81,34,3,50,38,9975,"34,8",365,08/11/2024 00:00,05/11/2024 00:00,Low
01/12/2024 00:00,SKU0045,Solvents Grade A,Solvents,litre,62,34,5,26,65,9975,"34,8",365,08/12/2024 00:00,07/12/2024 00:00,Low
01/01/2025 00:00,SKU0045,Solvents Grade A,Solvents,litre,59,34,2,11,45,9975,"34,8",365,08/01/2025 00:00,06/01/2025 00:00,Low
01/02/2025 00:00,SKU0045,Solvents Grade A,Solvents,litre,67,34,4,76,7,9975,"34,8",365,08/02/2025 00:00,13/02/2025 00:00,Low
01/03/2025 00:00,SKU0045,Solvents Grade A,Solvents,litre,81,34,3,10,52,9975,"34,8",365,08/03/2025 00:00,14/03/2025 00:00,Low
01/04/2025 00:00,SKU0045,Solvents Grade A,Solvents,litre,75,34,9,8,39,9975,"34,8",365,08/04/2025 00:00,10/04/2025 00:00,Low
01/05/2025 00:00,SKU0045,Solvents Grade A,Solvents,litre,85,34,8,86,70,9975,"34,8",365,08/05/2025 00:00,14/05/2025 00:00,Low
01/06/2025 00:00,SKU0045,Solvents Grade A,Solvents,litre,41,34,8,0,55,9975,"34,8",365,08/06/2025 00:00,07/06/2025 00:00,Low
01/07/2025 00:00,SKU0045,Solvents Grade A,Solvents,litre,24,34,5,34,14,9975,"34,8",365,08/07/2025 00:00,12/07/2025 00:00,Low
01/08/2025 00:00,SKU0045,Solvents Grade A,Solvents,litre,77,34,12,104,54,9975,"34,8",365,08/08/2025 00:00,18/08/2025 00:00,Low
01/11/2024 00:00,SKU0046,Packaging Grade A,Packaging,kg,606,17,7,1112,370,252,"0,5",540,08/11/2024 00:00,12/11/2024 00:00,High
01/12/2024 00:00,SKU0046,Packaging Grade A,Packaging,kg,731,17,7,291,413,252,"0,5",540,08/12/2024 00:00,06/12/2024 00:00,High
01/01/2025 00:00,SKU0046,Packaging Grade A,Packaging,kg,528,17,5,251,273,252,"0,5",540,08/01/2025 00:00,10/01/2025 00:00,High
01/02/2025 00:00,SKU0046,Packaging Grade A,Packaging,kg,728,17,8,429,267,252,"0,5",540,08/02/2025 00:00,11/02/2025 00:00,High
01/03/2025 00:00,SKU0046,Packaging Grade A,Packaging,kg,796,17,1,1035,593,252,"0,5",540,08/03/2025 00:00,06/03/2025 00:00,High
01/04/2025 00:00,SKU0046,Packaging Grade A,Packaging,kg,442,17,4,495,490,252,"0,5",540,08/04/2025 00:00,15/04/2025 00:00,High
01/05/2025 00:00,SKU0046,Packaging Grade A,Packaging,kg,624,17,4,401,609,252,"0,5",540,08/05/2025 00:00,14/05/2025 00:00,High
01/06/2025 00:00,SKU0046,Packaging Grade A,Packaging,kg,627,17,4,611,399,252,"0,5",540,08/06/2025 00:00,06/06/2025 00:00,High
01/07/2025 00:00,SKU0046,Packaging Grade A,Packaging,kg,720,17,7,1272,590,252,"0,5",540,08/07/2025 00:00,14/07/2025 00:00,High
01/08/2025 00:00,SKU0046,Packaging Grade A,Packaging,kg,613,17,5,269,202,252,"0,5",540,08/08/2025 00:00,05/08/2025 00:00,High
01/11/2024 00:00,SKU0047,Surfactants Grade C,Surfactants,kg,160,39,11,110,128,4439,"13,32",540,08/11/2024 00:00,12/11/2024 00:00,Low
01/12/2024 00:00,SKU0047,Surfactants Grade C,Surfactants,kg,119,39,9,64,2,4439,"13,32",540,08/12/2024 00:00,05/12/2024 00:00,Low
01/01/2025 00:00,SKU0047,Surfactants Grade C,Surfactants,kg,95,39,5,11,52,4439,"13,32",540,08/01/2025 00:00,13/01/2025 00:00,Low
01/02/2025 00:00,SKU0047,Surfactants Grade C,Surfactants,kg,172,39,5,215,56,4439,"13,32",540,08/02/2025 00:00,15/02/2025 00:00,Low
01/03/2025 00:00,SKU0047,Surfactants Grade C,Surfactants,kg,97,39,5,168,59,4439,"13,32",540,08/03/2025 00:00,10/03/2025 00:00,Low
01/04/2025 00:00,SKU0047,Surfactants Grade C,Surfactants,kg,125,39,6,106,98,4439,"13,32",540,08/04/2025 00:00,11/04/2025 00:00,Low
01/05/2025 00:00,SKU0047,Surfactants Grade C,Surfactants,kg,173,39,3,195,171,4439,"13,32",540,08/05/2025 00:00,17/05/2025 00:00,Low
01/06/2025 00:00,SKU0047,Surfactants Grade C,Surfactants,kg,100,39,8,22,37,4439,"13,32",540,08/06/2025 00:00,14/06/2025 00:00,Low
01/07/2025 00:00,SKU0047,Surfactants Grade C,Surfactants,kg,158,39,4,0,75,4439,"13,32",540,08/07/2025 00:00,11/07/2025 00:00,Low
01/08/2025 00:00,SKU0047,Surfactants Grade C,Surfactants,kg,171,39,5,170,121,4439,"13,32",540,08/08/2025 00:00,14/08/2025 00:00,Low
01/11/2024 00:00,SKU0048,Solvents Grade B,Solvents,kg,1040,53,7,115,757,247,"5,98",365,08/11/2024 00:00,07/11/2024 00:00,High
01/12/2024 00:00,SKU0048,Solvents Grade B,Solvents,kg,420,53,5,543,408,247,"5,98",365,08/12/2024 00:00,06/12/2024 00:00,High
01/01/2025 00:00,SKU0048,Solvents Grade B,Solvents,kg,829,53,9,545,894,247,"5,98",365,08/01/2025 00:00,13/01/2025 00:00,High
01/02/2025 00:00,SKU0048,Solvents Grade B,Solvents,kg,781,53,5,692,707,247,"5,98",365,08/02/2025 00:00,12/02/2025 00:00,High
01/03/2025 00:00,SKU0048,Solvents Grade B,Solvents,kg,1006,53,6,0,965,247,"5,98",365,08/03/2025 00:00,17/03/2025 00:00,High
01/04/2025 00:00,SKU0048,Solvents Grade B,Solvents,kg,615,53,7,958,257,247,"5,98",365,08/04/2025 00:00,16/04/2025 00:00,High
01/05/2025 00:00,SKU0048,Solvents Grade B,Solvents,kg,711,53,7,1028,321,247,"5,98",365,08/05/2025 00:00,14/05/2025 00:00,High
01/06/2025 00:00,SKU0048,Solvents Grade B,Solvents,kg,1181,53,4,426,728,247,"5,98",365,08/06/2025 00:00,11/06/2025 00:00,High
01/07/2025 00:00,SKU0048,Solvents Grade B,Solvents,kg,1174,53,7,789,449,247,"5,98",365,08/07/2025 00:00,13/07/2025 00:00,High
01/08/2025 00:00,SKU0048,Solvents Grade B,Solvents,kg,931,53,6,0,384,247,"5,98",365,08/08/2025 00:00,08/08/2025 00:00,High
01/11/2024 00:00,SKU0049,Packaging Grade C,Packaging,kg,567,30,7,520,475,6337,"1,11",730,08/11/2024 00:00,17/11/2024 00:00,High
01/12/2024 00:00,SKU0049,Packaging Grade C,Packaging,kg,709,30,7,627,541,6337,"1,11",730,08/12/2024 00:00,08/12/2024 00:00,High
01/01/2025 00:00,SKU0049,Packaging Grade C,Packaging,kg,661,30,6,191,734,6337,"1,11",730,08/01/2025 00:00,05/01/2025 00:00,High
01/02/2025 00:00,SKU0049,Packaging Grade C,Packaging,kg,817,30,8,265,0,6337,"1,11",730,,,High
01/03/2025 00:00,SKU0049,Packaging Grade C,Packaging,kg,718,30,12,0,460,6337,"1,11",730,08/03/2025 00:00,18/03/2025 00:00,High
01/04/2025 00:00,SKU0049,Packaging Grade C,Packaging,kg,849,30,4,709,720,6337,"1,11",730,08/04/2025 00:00,18/04/2025 00:00,High
01/05/2025 00:00,SKU0049,Packaging Grade C,Packaging,kg,619,30,8,553,312,6337,"1,11",730,08/05/2025 00:00,16/05/2025 00:00,High
01/06/2025 00:00,SKU0049,Packaging Grade C,Packaging,kg,819,30,3,342,66,6337,"1,11",730,08/06/2025 00:00,07/06/2025 00:00,High
01/07/2025 00:00,SKU0049,Packaging Grade C,Packaging,kg,722,30,3,0,783,6337,"1,11",730,08/07/2025 00:00,11/07/2025 00:00,High
01/08/2025 00:00,SKU0049,Packaging Grade C,Packaging,kg,1036,30,7,890,201,6337,"1,11",730,08/08/2025 00:00,16/08/2025 00:00,High
01/11/2024 00:00,SKU0050,Intermediates Grade B,Intermediates,kg,165,22,12,133,127,2561,"29,23",1095,08/11/2024 00:00,06/11/2024 00:00,Medium
01/12/2024 00:00,SKU0050,Intermediates Grade B,Intermediates,kg,268,22,6,179,179,2561,"29,23",1095,08/12/2024 00:00,06/12/2024 00:00,Medium
01/01/2025 00:00,SKU0050,Intermediates Grade B,Intermediates,kg,315,22,6,303,236,2561,"29,23",1095,08/01/2025 00:00,11/01/2025 00:00,Medium
01/02/2025 00:00,SKU0050,Intermediates Grade B,Intermediates,kg,295,22,11,0,165,2561,"29,23",1095,08/02/2025 00:00,10/02/2025 00:00,Medium
01/03/2025 00:00,SKU0050,Intermediates Grade B,Intermediates,kg,266,22,6,199,319,2561,"29,23",1095,08/03/2025 00:00,07/03/2025 00:00,Medium
01/04/2025 00:00,SKU0050,Intermediates Grade B,Intermediates,kg,202,22,7,31,129,2561,"29,23",1095,08/04/2025 00:00,13/04/2025 00:00,Medium
01/05/2025 00:00,SKU0050,Intermediates Grade B,Intermediates,kg,204,22,11,294,93,2561,"29,23",1095,08/05/2025 00:00,14/05/2025 00:00,Medium
01/06/2025 00:00,SKU0050,Intermediates Grade B,Intermediates,kg,257,22,9,337,179,2561,"29,23",1095,08/06/2025 00:00,18/06/2025 00:00,Medium
01/07/2025 00:00,SKU0050,Intermediates Grade B,Intermediates,kg,227,22,11,116,95,2561,"29,23",1095,08/07/2025 00:00,17/07/2025 00:00,Medium
01/08/2025 00:00,SKU0050,Intermediates Grade B,Intermediates,kg,229,22,6,270,121,2561,"29,23",1095,08/08/2025 00:00,10/08/2025 00:00,Medium
01/11/2024 00:00,SKU0051,Intermediates Grade C,Intermediates,litre,493,14,6,613,31,7148,"14,97",365,08/11/2024 00:00,14/11/2024 00:00,Medium
01/12/2024 00:00,SKU0051,Intermediates Grade C,Intermediates,litre,570,14,10,737,199,7148,"14,97",365,08/12/2024 00:00,14/12/2024 00:00,Medium
01/01/2025 00:00,SKU0051,Intermediates Grade C,Intermediates,litre,476,14,9,89,408,7148,"14,97",365,08/01/2025 00:00,10/01/2025 00:00,Medium
01/02/2025 00:00,SKU0051,Intermediates Grade C,Intermediates,litre,434,14,7,662,264,7148,"14,97",365,08/02/2025 00:00,05/02/2025 00:00,Medium
01/03/2025 00:00,SKU0051,Intermediates Grade C,Intermediates,litre,373,14,5,249,278,7148,"14,97",365,08/03/2025 00:00,08/03/2025 00:00,Medium
01/04/2025 00:00,SKU0051,Intermediates Grade C,Intermediates,litre,367,14,5,64,57,7148,"14,97",365,08/04/2025 00:00,14/04/2025 00:00,Medium
01/05/2025 00:00,SKU0051,Intermediates Grade C,Intermediates,litre,416,14,8,511,267,7148,"14,97",365,08/05/2025 00:00,10/05/2025 00:00,Medium
01/06/2025 00:00,SKU0051,Intermediates Grade C,Intermediates,litre,382,14,1,287,256,7148,"14,97",365,08/06/2025 00:00,10/06/2025 00:00,Medium
01/07/2025 00:00,SKU0051,Intermediates Grade C,Intermediates,litre,410,14,4,477,106,7148,"14,97",365,08/07/2025 00:00,15/07/2025 00:00,Medium
01/08/2025 00:00,SKU0051,Intermediates Grade C,Intermediates,litre,506,14,3,666,411,7148,"14,97",365,08/08/2025 00:00,16/08/2025 00:00,Medium
01/11/2024 00:00,SKU0052,Packaging Grade C,Packaging,litre,667,48,8,1366,521,8388,"0,5",365,08/11/2024 00:00,09/11/2024 00:00,High
01/12/2024 00:00,SKU0052,Packaging Grade C,Packaging,litre,259,48,12,143,242,8388,"0,5",365,08/12/2024 00:00,05/12/2024 00:00,High
01/01/2025 00:00,SKU0052,Packaging Grade C,Packaging,litre,603,48,13,137,423,8388,"0,5",365,08/01/2025 00:00,12/01/2025 00:00,High
01/02/2025 00:00,SKU0052,Packaging Grade C,Packaging,litre,917,48,8,855,1032,8388,"0,5",365,08/02/2025 00:00,09/02/2025 00:00,High
01/03/2025 00:00,SKU0052,Packaging Grade C,Packaging,litre,717,48,6,0,166,8388,"0,5",365,08/03/2025 00:00,16/03/2025 00:00,High
01/04/2025 00:00,SKU0052,Packaging Grade C,Packaging,litre,642,48,9,860,545,8388,"0,5",365,08/04/2025 00:00,16/04/2025 00:00,High
01/05/2025 00:00,SKU0052,Packaging Grade C,Packaging,litre,767,48,11,1035,97,8388,"0,5",365,08/05/2025 00:00,16/05/2025 00:00,High
01/06/2025 00:00,SKU0052,Packaging Grade C,Packaging,litre,901,48,6,1348,249,8388,"0,5",365,08/06/2025 00:00,09/06/2025 00:00,High
01/07/2025 00:00,SKU0052,Packaging Grade C,Packaging,litre,708,48,4,1097,679,8388,"0,5",365,08/07/2025 00:00,11/07/2025 00:00,High
01/08/2025 00:00,SKU0052,Packaging Grade C,Packaging,litre,664,48,8,506,736,8388,"0,5",365,08/08/2025 00:00,08/08/2025 00:00,High
01/11/2024 00:00,SKU0053,Intermediates Grade B,Intermediates,kg,299,18,5,83,231,8730,"17,3",730,08/11/2024 00:00,10/11/2024 00:00,Medium
01/12/2024 00:00,SKU0053,Intermediates Grade B,Intermediates,kg,233,18,12,78,163,8730,"17,3",730,08/12/2024 00:00,17/12/2024 00:00,Medium
01/01/2025 00:00,SKU0053,Intermediates Grade B,Intermediates,kg,155,18,6,195,131,8730,"17,3",730,08/01/2025 00:00,08/01/2025 00:00,Medium
01/02/2025 00:00,SKU0053,Intermediates Grade B,Intermediates,kg,202,18,9,267,107,8730,"17,3",730,08/02/2025 00:00,18/02/2025 00:00,Medium
01/03/2025 00:00,SKU0053,Intermediates Grade B,Intermediates,kg,233,18,8,27,257,8730,"17,3",730,08/03/2025 00:00,07/03/2025 00:00,Medium
01/04/2025 00:00,SKU0053,Intermediates Grade B,Intermediates,kg,318,18,7,292,197,8730,"17,3",730,08/04/2025 00:00,11/04/2025 00:00,Medium
01/05/2025 00:00,SKU0053,Intermediates Grade B,Intermediates,kg,202,18,11,81,115,8730,"17,3",730,08/05/2025 00:00,12/05/2025 00:00,Medium
01/06/2025 00:00,SKU0053,Intermediates Grade B,Intermediates,kg,247,18,7,215,249,8730,"17,3",730,08/06/2025 00:00,08/06/2025 00:00,Medium
01/07/2025 00:00,SKU0053,Intermediates Grade B,Intermediates,kg,299,18,5,0,129,8730,"17,3",730,08/07/2025 00:00,17/07/2025 00:00,Medium
01/08/2025 00:00,SKU0053,Intermediates Grade B,Intermediates,kg,217,18,9,139,7,8730,"17,3",730,08/08/2025 00:00,06/08/2025 00:00,Medium
01/11/2024 00:00,SKU0054,Intermediates Grade C,Intermediates,kg,275,53,3,407,223,2435,"35,5",730,08/11/2024 00:00,16/11/2024 00:00,Medium
01/12/2024 00:00,SKU0054,Intermediates Grade C,Intermediates,kg,163,53,8,0,139,2435,"35,5",730,08/12/2024 00:00,14/12/2024 00:00,Medium
01/01/2025 00:00,SKU0054,Intermediates Grade C,Intermediates,kg,196,53,9,326,107,2435,"35,5",730,08/01/2025 00:00,18/01/2025 00:00,Medium
01/02/2025 00:00,SKU0054,Intermediates Grade C,Intermediates,kg,123,53,9,119,24,2435,"35,5",730,08/02/2025 00:00,07/02/2025 00:00,Medium
01/03/2025 00:00,SKU0054,Intermediates Grade C,Intermediates,kg,290,53,4,246,317,2435,"35,5",730,08/03/2025 00:00,05/03/2025 00:00,Medium
01/04/2025 00:00,SKU0054,Intermediates Grade C,Intermediates,kg,284,53,7,495,46,2435,"35,5",730,08/04/2025 00:00,12/04/2025 00:00,Medium
01/05/2025 00:00,SKU0054,Intermediates Grade C,Intermediates,kg,232,53,8,364,100,2435,"35,5",730,08/05/2025 00:00,07/05/2025 00:00,Medium
01/06/2025 00:00,SKU0054,Intermediates Grade C,Intermediates,kg,260,53,6,286,337,2435,"35,5",730,08/06/2025 00:00,16/06/2025 00:00,Medium
01/07/2025 00:00,SKU0054,Intermediates Grade C,Intermediates,kg,191,53,9,268,211,2435,"35,5",730,08/07/2025 00:00,14/07/2025 00:00,Medium
01/08/2025 00:00,SKU0054,Intermediates Grade C,Intermediates,kg,160,53,10,206,0,2435,"35,5",730,,,Medium
01/11/2024 00:00,SKU0055,Packaging Grade A,Packaging,kg,596,22,10,290,257,8170,"14,26",365,08/11/2024 00:00,14/11/2024 00:00,Medium
01/12/2024 00:00,SKU0055,Packaging Grade A,Packaging,kg,515,22,4,125,319,8170,"14,26",365,08/12/2024 00:00,09/12/2024 00:00,Medium
01/01/2025 00:00,SKU0055,Packaging Grade A,Packaging,kg,674,22,1,161,0,8170,"14,26",365,,,Medium
01/02/2025 00:00,SKU0055,Packaging Grade A,Packaging,kg,393,22,7,296,118,8170,"14,26",365,08/02/2025 00:00,09/02/2025 00:00,Medium
01/03/2025 00:00,SKU0055,Packaging Grade A,Packaging,kg,418,22,5,517,359,8170,"14,26",365,08/03/2025 00:00,18/03/2025 00:00,Medium
01/04/2025 00:00,SKU0055,Packaging Grade A,Packaging,kg,423,22,9,358,200,8170,"14,26",365,08/04/2025 00:00,11/04/2025 00:00,Medium
01/05/2025 00:00,SKU0055,Packaging Grade A,Packaging,kg,541,22,10,249,231,8170,"14,26",365,08/05/2025 00:00,13/05/2025 00:00,Medium
01/06/2025 00:00,SKU0055,Packaging Grade A,Packaging,kg,527,22,4,398,355,8170,"14,26",365,08/06/2025 00:00,16/06/2025 00:00,Medium
01/07/2025 00:00,SKU0055,Packaging Grade A,Packaging,kg,570,22,6,0,126,8170,"14,26",365,08/07/2025 00:00,09/07/2025 00:00,Medium
01/08/2025 00:00,SKU0055,Packaging Grade A,Packaging,kg,519,22,5,568,461,8170,"14,26",365,08/08/2025 00:00,05/08/2025 00:00,Medium
01/11/2024 00:00,SKU0056,Surfactants Grade C,Surfactants,litre,315,31,4,0,353,6337,"25,56",540,08/11/2024 00:00,14/11/2024 00:00,Medium
01/12/2024 00:00,SKU0056,Surfactants Grade C,Surfactants,litre,305,31,8,278,261,6337,"25,56",540,08/12/2024 00:00,14/12/2024 00:00,Medium
01/01/2025 00:00,SKU0056,Surfactants Grade C,Surfactants,litre,301,31,2,449,246,6337,"25,56",540,08/01/2025 00:00,05/01/2025 00:00,Medium
01/02/2025 00:00,SKU0056,Surfactants Grade C,Surfactants,litre,190,31,4,89,123,6337,"25,56",540,08/02/2025 00:00,06/02/2025 00:00,Medium
01/03/2025 00:00,SKU0056,Surfactants Grade C,Surfactants,litre,268,31,8,250,149,6337,"25,56",540,08/03/2025 00:00,18/03/2025 00:00,Medium
01/04/2025 00:00,SKU0056,Surfactants Grade C,Surfactants,litre,308,31,4,104,216,6337,"25,56",540,08/04/2025 00:00,10/04/2025 00:00,Medium
01/05/2025 00:00,SKU0056,Surfactants Grade C,Surfactants,litre,313,31,8,503,273,6337,"25,56",540,08/05/2025 00:00,13/05/2025 00:00,Medium
01/06/2025 00:00,SKU0056,Surfactants Grade C,Surfactants,litre,286,31,8,418,384,6337,"25,56",540,08/06/2025 00:00,12/06/2025 00:00,Medium
01/07/2025 00:00,SKU0056,Surfactants Grade C,Surfactants,litre,298,31,7,522,277,6337,"25,56",540,08/07/2025 00:00,17/07/2025 00:00,Medium
01/08/2025 00:00,SKU0056,Surfactants Grade C,Surfactants,litre,226,31,6,110,116,6337,"25,56",540,08/08/2025 00:00,09/08/2025 00:00,Medium
01/11/2024 00:00,SKU0057,Solvents Grade C,Solvents,litre,416,57,1,845,442,2099,"33,07",540,08/11/2024 00:00,05/11/2024 00:00,Medium
01/12/2024 00:00,SKU0057,Solvents Grade C,Solvents,litre,382,57,6,316,212,2099,"33,07",540,08/12/2024 00:00,17/12/2024 00:00,Medium
01/01/2025 00:00,SKU0057,Solvents Grade C,Solvents,litre,417,57,7,0,234,2099,"33,07",540,08/01/2025 00:00,11/01/2025 00:00,Medium
01/02/2025 00:00,SKU0057,Solvents Grade C,Solvents,litre,410,57,6,305,275,2099,"33,07",540,08/02/2025 00:00,09/02/2025 00:00,Medium
01/03/2025 00:00,SKU0057,Solvents Grade C,Solvents,litre,499,57,6,249,189,2099,"33,07",540,08/03/2025 00:00,10/03/2025 00:00,Medium
01/04/2025 00:00,SKU0057,Solvents Grade C,Solvents,litre,460,57,4,859,167,2099,"33,07",540,08/04/2025 00:00,17/04/2025 00:00,Medium
01/05/2025 00:00,SKU0057,Solvents Grade C,Solvents,litre,473,57,6,88,132,2099,"33,07",540,08/05/2025 00:00,11/05/2025 00:00,Medium
01/06/2025 00:00,SKU0057,Solvents Grade C,Solvents,litre,477,57,4,289,563,2099,"33,07",540,08/06/2025 00:00,07/06/2025 00:00,Medium
01/07/2025 00:00,SKU0057,Solvents Grade C,Solvents,litre,517,57,10,67,759,2099,"33,07",540,08/07/2025 00:00,16/07/2025 00:00,Medium
01/08/2025 00:00,SKU0057,Solvents Grade C,Solvents,litre,416,57,7,465,218,2099,"33,07",540,08/08/2025 00:00,14/08/2025 00:00,Medium
01/11/2024 00:00,SKU0058,Additives Grade B,Additives,kg,750,19,4,790,844,7208,"21,52",365,08/11/2024 00:00,07/11/2024 00:00,High
01/12/2024 00:00,SKU0058,Additives Grade B,Additives,kg,390,19,7,611,355,7208,"21,52",365,08/12/2024 00:00,09/12/2024 00:00,High
01/01/2025 00:00,SKU0058,Additives Grade B,Additives,kg,892,19,1,434,964,7208,"21,52",365,08/01/2025 00:00,10/01/2025 00:00,High
01/02/2025 00:00,SKU0058,Additives Grade B,Additives,kg,471,19,3,202,172,7208,"21,52",365,08/02/2025 00:00,13/02/2025 00:00,High
01/03/2025 00:00,SKU0058,Additives Grade B,Additives,kg,697,19,7,512,763,7208,"21,52",365,08/03/2025 00:00,17/03/2025 00:00,High
01/04/2025 00:00,SKU0058,Additives Grade B,Additives,kg,604,19,9,388,914,7208,"21,52",365,08/04/2025 00:00,18/04/2025 00:00,High
01/05/2025 00:00,SKU0058,Additives Grade B,Additives,kg,795,19,7,459,409,7208,"21,52",365,08/05/2025 00:00,16/05/2025 00:00,High
01/06/2025 00:00,SKU0058,Additives Grade B,Additives,kg,556,19,6,658,412,7208,"21,52",365,08/06/2025 00:00,09/06/2025 00:00,High
01/07/2025 00:00,SKU0058,Additives Grade B,Additives,kg,594,19,4,358,564,7208,"21,52",365,08/07/2025 00:00,05/07/2025 00:00,High
01/08/2025 00:00,SKU0058,Additives Grade B,Additives,kg,501,19,7,777,416,7208,"21,52",365,08/08/2025 00:00,18/08/2025 00:00,High
01/11/2024 00:00,SKU0059,Surfactants Grade A,Surfactants,kg,102,54,4,9,58,2305,"6,8",540,08/11/2024 00:00,18/11/2024 00:00,Low
01/12/2024 00:00,SKU0059,Surfactants Grade A,Surfactants,kg,133,54,3,275,152,2305,"6,8",540,08/12/2024 00:00,18/12/2024 00:00,Low
01/01/2025 00:00,SKU0059,Surfactants Grade A,Surfactants,kg,122,54,2,104,56,2305,"6,8",540,08/01/2025 00:00,08/01/2025 00:00,Low
01/02/2025 00:00,SKU0059,Surfactants Grade A,Surfactants,kg,102,54,11,56,98,2305,"6,8",540,08/02/2025 00:00,09/02/2025 00:00,Low
01/03/2025 00:00,SKU0059,Surfactants Grade A,Surfactants,kg,122,54,12,133,128,2305,"6,8",540,08/03/2025 00:00,16/03/2025 00:00,Low
01/04/2025 00:00,SKU0059,Surfactants Grade A,Surfactants,kg,161,54,9,162,63,2305,"6,8",540,08/04/2025 00:00,14/04/2025 00:00,Low
01/05/2025 00:00,SKU0059,Surfactants Grade A,Surfactants,kg,134,54,9,87,94,2305,"6,8",540,08/05/2025 00:00,14/05/2025 00:00,Low
01/06/2025 00:00,SKU0059,Surfactants Grade A,Surfactants,kg,125,54,5,102,92,2305,"6,8",540,08/06/2025 00:00,09/06/2025 00:00,Low
01/07/2025 00:00,SKU0059,Surfactants Grade A,Surfactants,kg,97,54,5,25,65,2305,"6,8",540,08/07/2025 00:00,11/07/2025 00:00,Low
01/08/2025 00:00,SKU0059,Surfactants Grade A,Surfactants,kg,153,54,7,296,58,2305,"6,8",540,08/08/2025 00:00,08/08/2025 00:00,Low
01/11/2024 00:00,SKU0060,Additives Grade A,Additives,kg,482,49,4,201,354,1698,"32,17",1095,08/11/2024 00:00,05/11/2024 00:00,Medium
01/12/2024 00:00,SKU0060,Additives Grade A,Additives,kg,499,49,10,234,417,1698,"32,17",1095,08/12/2024 00:00,18/12/2024 00:00,Medium
01/01/2025 00:00,SKU0060,Additives Grade A,Additives,kg,470,49,5,324,173,1698,"32,17",1095,08/01/2025 00:00,18/01/2025 00:00,Medium
01/02/2025 00:00,SKU0060,Additives Grade A,Additives,kg,482,49,4,1230,190,1698,"32,17",1095,08/02/2025 00:00,09/02/2025 00:00,Medium
01/03/2025 00:00,SKU0060,Additives Grade A,Additives,kg,542,49,8,165,406,1698,"32,17",1095,08/03/2025 00:00,11/03/2025 00:00,Medium
01/04/2025 00:00,SKU0060,Additives Grade A,Additives,kg,562,49,5,195,245,1698,"32,17",1095,08/04/2025 00:00,14/04/2025 00:00,Medium
01/05/2025 00:00,SKU0060,Additives Grade A,Additives,kg,546,49,7,250,310,1698,"32,17",1095,08/05/2025 00:00,14/05/2025 00:00,Medium
01/06/2025 00:00,SKU0060,Additives Grade A,Additives,kg,622,49,9,71,605,1698,"32,17",1095,08/06/2025 00:00,10/06/2025 00:00,Medium
01/07/2025 00:00,SKU0060,Additives Grade A,Additives,kg,530,49,5,757,430,1698,"32,17",1095,08/07/2025 00:00,09/07/2025 00:00,Medium
01/08/2025 00:00,SKU0060,Additives Grade A,Additives,kg,499,49,12,0,466,1698,"32,17",1095,08/08/2025 00:00,08/08/2025 00:00,Medium
01/11/2024 00:00,SKU0061,Surfactants Grade B,Surfactants,litre,592,48,8,771,654,3011,"12,86",540,08/11/2024 00:00,06/11/2024 00:00,Medium
01/12/2024 00:00,SKU0061,Surfactants Grade B,Surfactants,litre,579,48,5,0,578,3011,"12,86",540,08/12/2024 00:00,08/12/2024 00:00,Medium
01/01/2025 00:00,SKU0061,Surfactants Grade B,Surfactants,litre,613,48,4,182,400,3011,"12,86",540,08/01/2025 00:00,14/01/2025 00:00,Medium
01/02/2025 00:00,SKU0061,Surfactants Grade B,Surfactants,litre,568,48,8,518,80,3011,"12,86",540,08/02/2025 00:00,14/02/2025 00:00,Medium
01/03/2025 00:00,SKU0061,Surfactants Grade B,Surfactants,litre,527,48,4,380,262,3011,"12,86",540,08/03/2025 00:00,07/03/2025 00:00,Medium
01/04/2025 00:00,SKU0061,Surfactants Grade B,Surfactants,litre,284,48,12,0,29,3011,"12,86",540,08/04/2025 00:00,14/04/2025 00:00,Medium
01/05/2025 00:00,SKU0061,Surfactants Grade B,Surfactants,litre,536,48,5,209,593,3011,"12,86",540,08/05/2025 00:00,05/05/2025 00:00,Medium
01/06/2025 00:00,SKU0061,Surfactants Grade B,Surfactants,litre,543,48,7,360,492,3011,"12,86",540,08/06/2025 00:00,12/06/2025 00:00,Medium
01/07/2025 00:00,SKU0061,Surfactants Grade B,Surfactants,litre,365,48,9,923,356,3011,"12,86",540,08/07/2025 00:00,09/07/2025 00:00,Medium
01/08/2025 00:00,SKU0061,Surfactants Grade B,Surfactants,litre,395,48,8,97,377,3011,"12,86",540,08/08/2025 00:00,17/08/2025 00:00,Medium
01/11/2024 00:00,SKU0062,Packaging Grade B,Packaging,kg,474,22,3,0,561,2919,"0,5",1095,08/11/2024 00:00,08/11/2024 00:00,Medium
01/12/2024 00:00,SKU0062,Packaging Grade B,Packaging,kg,538,22,7,347,308,2919,"0,5",1095,08/12/2024 00:00,12/12/2024 00:00,Medium
01/01/2025 00:00,SKU0062,Packaging Grade B,Packaging,kg,549,22,4,0,403,2919,"0,5",1095,08/01/2025 00:00,11/01/2025 00:00,Medium
01/02/2025 00:00,SKU0062,Packaging Grade B,Packaging,kg,602,22,11,477,480,2919,"0,5",1095,08/02/2025 00:00,06/02/2025 00:00,Medium
01/03/2025 00:00,SKU0062,Packaging Grade B,Packaging,kg,340,22,7,275,127,2919,"0,5",1095,08/03/2025 00:00,05/03/2025 00:00,Medium
01/04/2025 00:00,SKU0062,Packaging Grade B,Packaging,kg,540,22,3,336,146,2919,"0,5",1095,08/04/2025 00:00,16/04/2025 00:00,Medium
01/05/2025 00:00,SKU0062,Packaging Grade B,Packaging,kg,386,22,9,239,268,2919,"0,5",1095,08/05/2025 00:00,15/05/2025 00:00,Medium
01/06/2025 00:00,SKU0062,Packaging Grade B,Packaging,kg,552,22,7,861,206,2919,"0,5",1095,08/06/2025 00:00,08/06/2025 00:00,Medium
01/07/2025 00:00,SKU0062,Packaging Grade B,Packaging,kg,584,22,4,814,390,2919,"0,5",1095,08/07/2025 00:00,12/07/2025 00:00,Medium
01/08/2025 00:00,SKU0062,Packaging Grade B,Packaging,kg,357,22,7,621,258,2919,"0,5",1095,08/08/2025 00:00,16/08/2025 00:00,Medium
01/11/2024 00:00,SKU0063,Intermediates Grade C,Intermediates,litre,387,36,4,0,391,8402,"19,84",365,08/11/2024 00:00,06/11/2024 00:00,Medium
01/12/2024 00:00,SKU0063,Intermediates Grade C,Intermediates,litre,251,36,9,165,61,8402,"19,84",365,08/12/2024 00:00,07/12/2024 00:00,Medium
01/01/2025 00:00,SKU0063,Intermediates Grade C,Intermediates,litre,347,36,4,348,394,8402,"19,84",365,08/01/2025 00:00,16/01/2025 00:00,Medium
01/02/2025 00:00,SKU0063,Intermediates Grade C,Intermediates,litre,383,36,6,275,320,8402,"19,84",365,08/02/2025 00:00,05/02/2025 00:00,Medium
01/03/2025 00:00,SKU0063,Intermediates Grade C,Intermediates,litre,381,36,5,366,260,8402,"19,84",365,08/03/2025 00:00,05/03/2025 00:00,Medium
01/04/2025 00:00,SKU0063,Intermediates Grade C,Intermediates,litre,432,36,8,651,371,8402,"19,84",365,08/04/2025 00:00,17/04/2025 00:00,Medium
01/05/2025 00:00,SKU0063,Intermediates Grade C,Intermediates,litre,446,36,8,414,481,8402,"19,84",365,08/05/2025 00:00,07/05/2025 00:00,Medium
01/06/2025 00:00,SKU0063,Intermediates Grade C,Intermediates,litre,473,36,7,509,319,8402,"19,84",365,08/06/2025 00:00,15/06/2025 00:00,Medium
01/07/2025 00:00,SKU0063,Intermediates Grade C,Intermediates,litre,539,36,4,885,289,8402,"19,84",365,08/07/2025 00:00,09/07/2025 00:00,Medium
01/08/2025 00:00,SKU0063,Intermediates Grade C,Intermediates,litre,489,36,5,0,426,8402,"19,84",365,08/08/2025 00:00,16/08/2025 00:00,Medium
01/11/2024 00:00,SKU0064,Solvents Grade C,Solvents,kg,289,49,7,131,144,4961,"16,17",730,08/11/2024 00:00,07/11/2024 00:00,Medium
01/12/2024 00:00,SKU0064,Solvents Grade C,Solvents,kg,278,49,4,221,174,4961,"16,17",730,08/12/2024 00:00,05/12/2024 00:00,Medium
01/01/2025 00:00,SKU0064,Solvents Grade C,Solvents,kg,423,49,8,133,437,4961,"16,17",730,08/01/2025 00:00,05/01/2025 00:00,Medium
01/02/2025 00:00,SKU0064,Solvents Grade C,Solvents,kg,398,49,10,10,335,4961,"16,17",730,08/02/2025 00:00,12/02/2025 00:00,Medium
01/03/2025 00:00,SKU0064,Solvents Grade C,Solvents,kg,583,49,5,505,406,4961,"16,17",730,08/03/2025 00:00,14/03/2025 00:00,Medium
01/04/2025 00:00,SKU0064,Solvents Grade C,Solvents,kg,224,49,6,277,52,4961,"16,17",730,08/04/2025 00:00,15/04/2025 00:00,Medium
01/05/2025 00:00,SKU0064,Solvents Grade C,Solvents,kg,232,49,1,93,229,4961,"16,17",730,08/05/2025 00:00,16/05/2025 00:00,Medium
01/06/2025 00:00,SKU0064,Solvents Grade C,Solvents,kg,415,49,10,190,298,4961,"16,17",730,08/06/2025 00:00,17/06/2025 00:00,Medium
01/07/2025 00:00,SKU0064,Solvents Grade C,Solvents,kg,323,49,12,75,399,4961,"16,17",730,08/07/2025 00:00,17/07/2025 00:00,Medium
01/08/2025 00:00,SKU0064,Solvents Grade C,Solvents,kg,347,49,8,339,430,4961,"16,17",730,08/08/2025 00:00,16/08/2025 00:00,Medium
01/11/2024 00:00,SKU0065,Solvents Grade B,Solvents,litre,587,24,4,379,0,1268,"32,68",540,,,High
01/12/2024 00:00,SKU0065,Solvents Grade B,Solvents,litre,704,24,1,588,715,1268,"32,68",540,08/12/2024 00:00,06/12/2024 00:00,High
01/01/2025 00:00,SKU0065,Solvents Grade B,Solvents,litre,753,24,1,793,179,1268,"32,68",540,08/01/2025 00:00,17/01/2025 00:00,High
01/02/2025 00:00,SKU0065,Solvents Grade B,Solvents,litre,446,24,10,483,205,1268,"32,68",540,08/02/2025 00:00,07/02/2025 00:00,High
01/03/2025 00:00,SKU0065,Solvents Grade B,Solvents,litre,851,24,6,1239,709,1268,"32,68",540,08/03/2025 00:00,06/03/2025 00:00,High
01/04/2025 00:00,SKU0065,Solvents Grade B,Solvents,litre,614,24,6,0,639,1268,"32,68",540,08/04/2025 00:00,07/04/2025 00:00,High
01/05/2025 00:00,SKU0065,Solvents Grade B,Solvents,litre,811,24,9,469,593,1268,"32,68",540,08/05/2025 00:00,11/05/2025 00:00,High
01/06/2025 00:00,SKU0065,Solvents Grade B,Solvents,litre,658,24,3,729,277,1268,"32,68",540,08/06/2025 00:00,05/06/2025 00:00,High
01/07/2025 00:00,SKU0065,Solvents Grade B,Solvents,litre,694,24,9,764,580,1268,"32,68",540,08/07/2025 00:00,14/07/2025 00:00,High
01/08/2025 00:00,SKU0065,Solvents Grade B,Solvents,litre,679,24,4,157,612,1268,"32,68",540,08/08/2025 00:00,12/08/2025 00:00,High
01/11/2024 00:00,SKU0066,Surfactants Grade B,Surfactants,kg,531,40,7,0,728,4605,"38,97",730,08/11/2024 00:00,17/11/2024 00:00,High
01/12/2024 00:00,SKU0066,Surfactants Grade B,Surfactants,kg,825,40,2,698,611,4605,"38,97",730,08/12/2024 00:00,14/12/2024 00:00,High
01/01/2025 00:00,SKU0066,Surfactants Grade B,Surfactants,kg,618,40,5,489,320,4605,"38,97",730,08/01/2025 00:00,14/01/2025 00:00,High
01/02/2025 00:00,SKU0066,Surfactants Grade B,Surfactants,kg,514,40,8,669,233,4605,"38,97",730,08/02/2025 00:00,14/02/2025 00:00,High
01/03/2025 00:00,SKU0066,Surfactants Grade B,Surfactants,kg,797,40,6,1049,825,4605,"38,97",730,08/03/2025 00:00,18/03/2025 00:00,High
01/04/2025 00:00,SKU0066,Surfactants Grade B,Surfactants,kg,545,40,5,631,339,4605,"38,97",730,08/04/2025 00:00,06/04/2025 00:00,High
01/05/2025 00:00,SKU0066,Surfactants Grade B,Surfactants,kg,834,40,4,651,588,4605,"38,97",730,08/05/2025 00:00,07/05/2025 00:00,High
01/06/2025 00:00,SKU0066,Surfactants Grade B,Surfactants,kg,657,40,1,1116,431,4605,"38,97",730,08/06/2025 00:00,13/06/2025 00:00,High
01/07/2025 00:00,SKU0066,Surfactants Grade B,Surfactants,kg,746,40,6,369,418,4605,"38,97",730,08/07/2025 00:00,11/07/2025 00:00,High
01/08/2025 00:00,SKU0066,Surfactants Grade B,Surfactants,kg,765,40,6,372,132,4605,"38,97",730,08/08/2025 00:00,08/08/2025 00:00,High
01/11/2024 00:00,SKU0067,Solvents Grade B,Solvents,litre,2199,38,10,56,2427,1095,"21,47",365,08/11/2024 00:00,14/11/2024 00:00,High
01/12/2024 00:00,SKU0067,Solvents Grade B,Solvents,litre,1347,38,6,1304,1399,1095,"21,47",365,08/12/2024 00:00,09/12/2024 00:00,High
01/01/2025 00:00,SKU0067,Solvents Grade B,Solvents,litre,2303,38,3,3234,1114,1095,"21,47",365,08/01/2025 00:00,06/01/2025 00:00,High
01/02/2025 00:00,SKU0067,Solvents Grade B,Solvents,litre,1513,38,4,88,1147,1095,"21,47",365,08/02/2025 00:00,17/02/2025 00:00,High
01/03/2025 00:00,SKU0067,Solvents Grade B,Solvents,litre,1411,38,7,2097,545,1095,"21,47",365,08/03/2025 00:00,15/03/2025 00:00,High
01/04/2025 00:00,SKU0067,Solvents Grade B,Solvents,litre,1611,38,2,1516,837,1095,"21,47",365,08/04/2025 00:00,17/04/2025 00:00,High
01/05/2025 00:00,SKU0067,Solvents Grade B,Solvents,litre,1498,38,9,1765,1116,1095,"21,47",365,08/05/2025 00:00,12/05/2025 00:00,High
01/06/2025 00:00,SKU0067,Solvents Grade B,Solvents,litre,1233,38,7,252,602,1095,"21,47",365,08/06/2025 00:00,08/06/2025 00:00,High
01/07/2025 00:00,SKU0067,Solvents Grade B,Solvents,litre,2064,38,4,937,1332,1095,"21,47",365,08/07/2025 00:00,13/07/2025 00:00,High
01/08/2025 00:00,SKU0067,Solvents Grade B,Solvents,litre,2428,38,7,1402,401,1095,"21,47",365,08/08/2025 00:00,09/08/2025 00:00,High
01/11/2024 00:00,SKU0068,Solvents Grade A,Solvents,kg,576,36,8,219,725,3404,"17,6",1095,08/11/2024 00:00,17/11/2024 00:00,High
01/12/2024 00:00,SKU0068,Solvents Grade A,Solvents,kg,379,36,4,304,194,3404,"17,6",1095,08/12/2024 00:00,13/12/2024 00:00,High
01/01/2025 00:00,SKU0068,Solvents Grade A,Solvents,kg,596,36,6,534,450,3404,"17,6",1095,08/01/2025 00:00,08/01/2025 00:00,High
01/02/2025 00:00,SKU0068,Solvents Grade A,Solvents,kg,685,36,3,966,655,3404,"17,6",1095,08/02/2025 00:00,14/02/2025 00:00,High
01/03/2025 00:00,SKU0068,Solvents Grade A,Solvents,kg,734,36,6,619,146,3404,"17,6",1095,08/03/2025 00:00,09/03/2025 00:00,High
01/04/2025 00:00,SKU0068,Solvents Grade A,Solvents,kg,570,36,5,816,363,3404,"17,6",1095,08/04/2025 00:00,13/04/2025 00:00,High
01/05/2025 00:00,SKU0068,Solvents Grade A,Solvents,kg,715,36,3,946,429,3404,"17,6",1095,08/05/2025 00:00,12/05/2025 00:00,High
01/06/2025 00:00,SKU0068,Solvents Grade A,Solvents,kg,1004,36,9,715,595,3404,"17,6",1095,08/06/2025 00:00,07/06/2025 00:00,High
01/07/2025 00:00,SKU0068,Solvents Grade A,Solvents,kg,587,36,5,421,598,3404,"17,6",1095,08/07/2025 00:00,05/07/2025 00:00,High
01/08/2025 00:00,SKU0068,Solvents Grade A,Solvents,kg,670,36,2,583,454,3404,"17,6",1095,08/08/2025 00:00,07/08/2025 00:00,High
01/11/2024 00:00,SKU0069,Solvents Grade B,Solvents,kg,84,39,7,65,60,7072,"11,53",540,08/11/2024 00:00,08/11/2024 00:00,Low
01/12/2024 00:00,SKU0069,Solvents Grade B,Solvents,kg,40,39,5,74,31,7072,"11,53",540,08/12/2024 00:00,06/12/2024 00:00,Low
01/01/2025 00:00,SKU0069,Solvents Grade B,Solvents,kg,83,39,11,58,79,7072,"11,53",540,08/01/2025 00:00,05/01/2025 00:00,Low
01/02/2025 00:00,SKU0069,Solvents Grade B,Solvents,kg,93,39,6,0,106,7072,"11,53",540,08/02/2025 00:00,11/02/2025 00:00,Low
01/03/2025 00:00,SKU0069,Solvents Grade B,Solvents,kg,76,39,7,0,64,7072,"11,53",540,08/03/2025 00:00,12/03/2025 00:00,Low
01/04/2025 00:00,SKU0069,Solvents Grade B,Solvents,kg,104,39,3,70,49,7072,"11,53",540,08/04/2025 00:00,11/04/2025 00:00,Low
01/05/2025 00:00,SKU0069,Solvents Grade B,Solvents,kg,66,39,6,91,24,7072,"11,53",540,08/05/2025 00:00,18/05/2025 00:00,Low
01/06/2025 00:00,SKU0069,Solvents Grade B,Solvents,kg,106,39,7,62,29,7072,"11,53",540,08/06/2025 00:00,09/06/2025 00:00,Low
01/07/2025 00:00,SKU0069,Solvents Grade B,Solvents,kg,82,39,8,78,92,7072,"11,53",540,08/07/2025 00:00,16/07/2025 00:00,Low
01/08/2025 00:00,SKU0069,Solvents Grade B,Solvents,kg,49,39,7,59,33,7072,"11,53",540,08/08/2025 00:00,05/08/2025 00:00,Low
01/11/2024 00:00,SKU0070,Surfactants Grade C,Surfactants,litre,150,36,6,0,121,8046,"19,65",730,08/11/2024 00:00,11/11/2024 00:00,Low
01/12/2024 00:00,SKU0070,Surfactants Grade C,Surfactants,litre,121,36,5,132,0,8046,"19,65",730,,,Low
01/01/2025 00:00,SKU0070,Surfactants Grade C,Surfactants,litre,123,36,4,211,53,8046,"19,65",730,08/01/2025 00:00,11/01/2025 00:00,Low
01/02/2025 00:00,SKU0070,Surfactants Grade C,Surfactants,litre,93,36,7,55,14,8046,"19,65",730,08/02/2025 00:00,13/02/2025 00:00,Low
01/03/2025 00:00,SKU0070,Surfactants Grade C,Surfactants,litre,104,36,8,63,54,8046,"19,65",730,08/03/2025 00:00,07/03/2025 00:00,Low
01/04/2025 00:00,SKU0070,Surfactants Grade C,Surfactants,litre,117,36,7,0,134,8046,"19,65",730,08/04/2025 00:00,13/04/2025 00:00,Low
01/05/2025 00:00,SKU0070,Surfactants Grade C,Surfactants,litre,129,36,5,188,51,8046,"19,65",730,08/05/2025 00:00,18/05/2025 00:00,Low
01/06/2025 00:00,SKU0070,Surfactants Grade C,Surfactants,litre,139,36,5,71,75,8046,"19,65",730,08/06/2025 00:00,05/06/2025 00:00,Low
01/07/2025 00:00,SKU0070,Surfactants Grade C,Surfactants,litre,139,36,10,128,107,8046,"19,65",730,08/07/2025 00:00,05/07/2025 00:00,Low
01/08/2025 00:00,SKU0070,Surfactants Grade C,Surfactants,litre,98,36,8,33,60,8046,"19,65",730,08/08/2025 00:00,18/08/2025 00:00,Low
01/11/2024 00:00,SKU0071,Packaging Grade A,Packaging,kg,3414,21,5,3503,3647,7729,"4,69",365,08/11/2024 00:00,08/11/2024 00:00,High
01/12/2024 00:00,SKU0071,Packaging Grade A,Packaging,kg,4336,21,9,2054,1933,7729,"4,69",365,08/12/2024 00:00,13/12/2024 00:00,High
01/01/2025 00:00,SKU0071,Packaging Grade A,Packaging,kg,2716,21,6,2568,1972,7729,"4,69",365,08/01/2025 00:00,10/01/2025 00:00,High
01/02/2025 00:00,SKU0071,Packaging Grade A,Packaging,kg,2845,21,11,2484,3429,7729,"4,69",365,08/02/2025 00:00,17/02/2025 00:00,High
01/03/2025 00:00,SKU0071,Packaging Grade A,Packaging,kg,3056,21,9,5248,2406,7729,"4,69",365,08/03/2025 00:00,15/03/2025 00:00,High
01/04/2025 00:00,SKU0071,Packaging Grade A,Packaging,kg,2230,21,6,820,425,7729,"4,69",365,08/04/2025 00:00,07/04/2025 00:00,High
01/05/2025 00:00,SKU0071,Packaging Grade A,Packaging,kg,2567,21,5,1528,1312,7729,"4,69",365,08/05/2025 00:00,05/05/2025 00:00,High
01/06/2025 00:00,SKU0071,Packaging Grade A,Packaging,kg,2174,21,5,2072,1168,7729,"4,69",365,08/06/2025 00:00,08/06/2025 00:00,High
01/07/2025 00:00,SKU0071,Packaging Grade A,Packaging,kg,2723,21,4,3327,719,7729,"4,69",365,08/07/2025 00:00,16/07/2025 00:00,High
01/08/2025 00:00,SKU0071,Packaging Grade A,Packaging,kg,2223,21,10,0,1174,7729,"4,69",365,08/08/2025 00:00,17/08/2025 00:00,High
01/11/2024 00:00,SKU0072,Packaging Grade C,Packaging,litre,236,16,4,168,79,656,"12,4",730,08/11/2024 00:00,13/11/2024 00:00,Medium
01/12/2024 00:00,SKU0072,Packaging Grade C,Packaging,litre,388,16,5,305,257,656,"12,4",730,08/12/2024 00:00,07/12/2024 00:00,Medium
01/01/2025 00:00,SKU0072,Packaging Grade C,Packaging,litre,387,16,3,270,304,656,"12,4",730,08/01/2025 00:00,16/01/2025 00:00,Medium
01/02/2025 00:00,SKU0072,Packaging Grade C,Packaging,litre,401,16,14,0,157,656,"12,4",730,08/02/2025 00:00,13/02/2025 00:00,Medium
01/03/2025 00:00,SKU0072,Packaging Grade C,Packaging,litre,268,16,1,163,271,656,"12,4",730,08/03/2025 00:00,11/03/2025 00:00,Medium
01/04/2025 00:00,SKU0072,Packaging Grade C,Packaging,litre,396,16,8,212,270,656,"12,4",730,08/04/2025 00:00,16/04/2025 00:00,Medium
01/05/2025 00:00,SKU0072,Packaging Grade C,Packaging,litre,395,16,8,114,266,656,"12,4",730,08/05/2025 00:00,18/05/2025 00:00,Medium
01/06/2025 00:00,SKU0072,Packaging Grade C,Packaging,litre,303,16,1,150,124,656,"12,4",730,08/06/2025 00:00,08/06/2025 00:00,Medium
01/07/2025 00:00,SKU0072,Packaging Grade C,Packaging,litre,381,16,4,767,266,656,"12,4",730,08/07/2025 00:00,07/07/2025 00:00,Medium
01/08/2025 00:00,SKU0072,Packaging Grade C,Packaging,litre,294,16,13,142,208,656,"12,4",730,08/08/2025 00:00,14/08/2025 00:00,Medium
01/11/2024 00:00,SKU0073,Additives Grade B,Additives,kg,132,41,5,0,100,6152,"4,85",730,08/11/2024 00:00,09/11/2024 00:00,Medium
01/12/2024 00:00,SKU0073,Additives Grade B,Additives,kg,165,41,10,36,111,6152,"4,85",730,08/12/2024 00:00,09/12/2024 00:00,Medium
01/01/2025 00:00,SKU0073,Additives Grade B,Additives,kg,157,41,9,248,162,6152,"4,85",730,08/01/2025 00:00,07/01/2025 00:00,Medium
01/02/2025 00:00,SKU0073,Additives Grade B,Additives,kg,137,41,5,156,89,6152,"4,85",730,08/02/2025 00:00,16/02/2025 00:00,Medium
01/03/2025 00:00,SKU0073,Additives Grade B,Additives,kg,204,41,15,196,126,6152,"4,85",730,08/03/2025 00:00,13/03/2025 00:00,Medium
01/04/2025 00:00,SKU0073,Additives Grade B,Additives,kg,166,41,10,0,57,6152,"4,85",730,08/04/2025 00:00,08/04/2025 00:00,Medium
01/05/2025 00:00,SKU0073,Additives Grade B,Additives,kg,281,41,8,77,145,6152,"4,85",730,08/05/2025 00:00,15/05/2025 00:00,Medium
01/06/2025 00:00,SKU0073,Additives Grade B,Additives,kg,224,41,8,163,241,6152,"4,85",730,08/06/2025 00:00,09/06/2025 00:00,Medium
01/07/2025 00:00,SKU0073,Additives Grade B,Additives,kg,230,41,7,0,134,6152,"4,85",730,08/07/2025 00:00,08/07/2025 00:00,Medium
01/08/2025 00:00,SKU0073,Additives Grade B,Additives,kg,118,41,9,30,38,6152,"4,85",730,08/08/2025 00:00,09/08/2025 00:00,Medium
01/11/2024 00:00,SKU0074,Packaging Grade A,Packaging,kg,374,59,8,435,607,1866,"0,5",365,08/11/2024 00:00,11/11/2024 00:00,Medium
01/12/2024 00:00,SKU0074,Packaging Grade A,Packaging,kg,361,59,2,242,394,1866,"0,5",365,08/12/2024 00:00,13/12/2024 00:00,Medium
01/01/2025 00:00,SKU0074,Packaging Grade A,Packaging,kg,531,59,10,681,485,1866,"0,5",365,08/01/2025 00:00,11/01/2025 00:00,Medium
01/02/2025 00:00,SKU0074,Packaging Grade A,Packaging,kg,373,59,6,82,228,1866,"0,5",365,08/02/2025 00:00,17/02/2025 00:00,Medium
01/03/2025 00:00,SKU0074,Packaging Grade A,Packaging,kg,345,59,5,481,367,1866,"0,5",365,08/03/2025 00:00,09/03/2025 00:00,Medium
01/04/2025 00:00,SKU0074,Packaging Grade A,Packaging,kg,215,59,8,263,114,1866,"0,5",365,08/04/2025 00:00,14/04/2025 00:00,Medium
01/05/2025 00:00,SKU0074,Packaging Grade A,Packaging,kg,399,59,5,42,392,1866,"0,5",365,08/05/2025 00:00,14/05/2025 00:00,Medium
01/06/2025 00:00,SKU0074,Packaging Grade A,Packaging,kg,379,59,4,9,116,1866,"0,5",365,08/06/2025 00:00,11/06/2025 00:00,Medium
01/07/2025 00:00,SKU0074,Packaging Grade A,Packaging,kg,488,59,9,677,445,1866,"0,5",365,08/07/2025 00:00,18/07/2025 00:00,Medium
01/08/2025 00:00,SKU0074,Packaging Grade A,Packaging,kg,398,59,10,33,316,1866,"0,5",365,08/08/2025 00:00,14/08/2025 00:00,Medium
01/11/2024 00:00,SKU0075,Packaging Grade A,Packaging,litre,708,37,9,561,386,5492,"1,65",540,08/11/2024 00:00,09/11/2024 00:00,High
01/12/2024 00:00,SKU0075,Packaging Grade A,Packaging,litre,735,37,4,787,445,5492,"1,65",540,08/12/2024 00:00,07/12/2024 00:00,High
01/01/2025 00:00,SKU0075,Packaging Grade A,Packaging,litre,950,37,9,751,614,5492,"1,65",540,08/01/2025 00:00,11/01/2025 00:00,High
01/02/2025 00:00,SKU0075,Packaging Grade A,Packaging,litre,993,37,7,4,875,5492,"1,65",540,08/02/2025 00:00,17/02/2025 00:00,High
01/03/2025 00:00,SKU0075,Packaging Grade A,Packaging,litre,912,37,3,1308,459,5492,"1,65",540,08/03/2025 00:00,15/03/2025 00:00,High
01/04/2025 00:00,SKU0075,Packaging Grade A,Packaging,litre,670,37,1,1500,1066,5492,"1,65",540,08/04/2025 00:00,15/04/2025 00:00,High
01/05/2025 00:00,SKU0075,Packaging Grade A,Packaging,litre,634,37,11,27,860,5492,"1,65",540,08/05/2025 00:00,06/05/2025 00:00,High
01/06/2025 00:00,SKU0075,Packaging Grade A,Packaging,litre,878,37,3,97,624,5492,"1,65",540,08/06/2025 00:00,16/06/2025 00:00,High
01/07/2025 00:00,SKU0075,Packaging Grade A,Packaging,litre,884,37,9,369,682,5492,"1,65",540,08/07/2025 00:00,13/07/2025 00:00,High
01/08/2025 00:00,SKU0075,Packaging Grade A,Packaging,litre,726,37,10,0,494,5492,"1,65",540,08/08/2025 00:00,14/08/2025 00:00,High
01/11/2024 00:00,SKU0076,Intermediates Grade C,Intermediates,kg,151,60,9,113,81,7505,"21,54",365,08/11/2024 00:00,14/11/2024 00:00,Medium
01/12/2024 00:00,SKU0076,Intermediates Grade C,Intermediates,kg,275,60,6,449,269,7505,"21,54",365,08/12/2024 00:00,16/12/2024 00:00,Medium
01/01/2025 00:00,SKU0076,Intermediates Grade C,Intermediates,kg,249,60,7,153,232,7505,"21,54",365,08/01/2025 00:00,05/01/2025 00:00,Medium
01/02/2025 00:00,SKU0076,Intermediates Grade C,Intermediates,kg,146,60,7,125,74,7505,"21,54",365,08/02/2025 00:00,17/02/2025 00:00,Medium
01/03/2025 00:00,SKU0076,Intermediates Grade C,Intermediates,kg,173,60,7,146,121,7505,"21,54",365,08/03/2025 00:00,10/03/2025 00:00,Medium
01/04/2025 00:00,SKU0076,Intermediates Grade C,Intermediates,kg,235,60,6,302,118,7505,"21,54",365,08/04/2025 00:00,11/04/2025 00:00,Medium
01/05/2025 00:00,SKU0076,Intermediates Grade C,Intermediates,kg,186,60,2,0,245,7505,"21,54",365,08/05/2025 00:00,18/05/2025 00:00,Medium
01/06/2025 00:00,SKU0076,Intermediates Grade C,Intermediates,kg,202,60,6,249,150,7505,"21,54",365,08/06/2025 00:00,17/06/2025 00:00,Medium
01/07/2025 00:00,SKU0076,Intermediates Grade C,Intermediates,kg,185,60,7,78,129,7505,"21,54",365,08/07/2025 00:00,12/07/2025 00:00,Medium
01/08/2025 00:00,SKU0076,Intermediates Grade C,Intermediates,kg,252,60,9,216,148,7505,"21,54",365,08/08/2025 00:00,14/08/2025 00:00,Medium
01/11/2024 00:00,SKU0077,Intermediates Grade C,Intermediates,kg,192,39,9,179,245,7856,"33,9",730,08/11/2024 00:00,13/11/2024 00:00,Low
01/12/2024 00:00,SKU0077,Intermediates Grade C,Intermediates,kg,106,39,7,0,104,7856,"33,9",730,08/12/2024 00:00,06/12/2024 00:00,Low
01/01/2025 00:00,SKU0077,Intermediates Grade C,Intermediates,kg,130,39,9,126,131,7856,"33,9",730,08/01/2025 00:00,15/01/2025 00:00,Low
01/02/2025 00:00,SKU0077,Intermediates Grade C,Intermediates,kg,212,39,7,45,288,7856,"33,9",730,08/02/2025 00:00,14/02/2025 00:00,Low
01/03/2025 00:00,SKU0077,Intermediates Grade C,Intermediates,kg,166,39,11,74,208,7856,"33,9",730,08/03/2025 00:00,06/03/2025 00:00,Low
01/04/2025 00:00,SKU0077,Intermediates Grade C,Intermediates,kg,157,39,5,50,6,7856,"33,9",730,08/04/2025 00:00,09/04/2025 00:00,Low
01/05/2025 00:00,SKU0077,Intermediates Grade C,Intermediates,kg,151,39,8,84,75,7856,"33,9",730,08/05/2025 00:00,17/05/2025 00:00,Low
01/06/2025 00:00,SKU0077,Intermediates Grade C,Intermediates,kg,212,39,3,0,0,7856,"33,9",730,,,Low
01/07/2025 00:00,SKU0077,Intermediates Grade C,Intermediates,kg,168,39,11,202,77,7856,"33,9",730,08/07/2025 00:00,10/07/2025 00:00,Low
01/08/2025 00:00,SKU0077,Intermediates Grade C,Intermediates,kg,153,39,10,190,105,7856,"33,9",730,08/08/2025 00:00,07/08/2025 00:00,Low
01/11/2024 00:00,SKU0078,Solvents Grade C,Solvents,kg,750,57,3,522,462,834,"20,51",1095,08/11/2024 00:00,12/11/2024 00:00,High
01/12/2024 00:00,SKU0078,Solvents Grade C,Solvents,kg,744,57,6,308,933,834,"20,51",1095,08/12/2024 00:00,17/12/2024 00:00,High
01/01/2025 00:00,SKU0078,Solvents Grade C,Solvents,kg,676,57,5,931,791,834,"20,51",1095,08/01/2025 00:00,05/01/2025 00:00,High
01/02/2025 00:00,SKU0078,Solvents Grade C,Solvents,kg,821,57,9,1115,774,834,"20,51",1095,08/02/2025 00:00,10/02/2025 00:00,High
01/03/2025 00:00,SKU0078,Solvents Grade C,Solvents,kg,690,57,6,407,524,834,"20,51",1095,08/03/2025 00:00,08/03/2025 00:00,High
01/04/2025 00:00,SKU0078,Solvents Grade C,Solvents,kg,482,57,8,267,356,834,"20,51",1095,08/04/2025 00:00,05/04/2025 00:00,High
01/05/2025 00:00,SKU0078,Solvents Grade C,Solvents,kg,719,57,9,802,457,834,"20,51",1095,08/05/2025 00:00,11/05/2025 00:00,High
01/06/2025 00:00,SKU0078,Solvents Grade C,Solvents,kg,738,57,7,164,596,834,"20,51",1095,08/06/2025 00:00,13/06/2025 00:00,High
01/07/2025 00:00,SKU0078,Solvents Grade C,Solvents,kg,862,57,11,439,877,834,"20,51",1095,08/07/2025 00:00,17/07/2025 00:00,High
01/08/2025 00:00,SKU0078,Solvents Grade C,Solvents,kg,757,57,5,355,683,834,"20,51",1095,08/08/2025 00:00,08/08/2025 00:00,High
01/11/2024 00:00,SKU0079,Packaging Grade A,Packaging,kg,305,33,7,235,237,5851,"22,79",365,08/11/2024 00:00,08/11/2024 00:00,Medium
01/12/2024 00:00,SKU0079,Packaging Grade A,Packaging,kg,762,33,6,700,664,5851,"22,79",365,08/12/2024 00:00,10/12/2024 00:00,Medium
01/01/2025 00:00,SKU0079,Packaging Grade A,Packaging,kg,474,33,7,531,416,5851,"22,79",365,08/01/2025 00:00,16/01/2025 00:00,Medium
01/02/2025 00:00,SKU0079,Packaging Grade A,Packaging,kg,533,33,7,46,364,5851,"22,79",365,08/02/2025 00:00,07/02/2025 00:00,Medium
01/03/2025 00:00,SKU0079,Packaging Grade A,Packaging,kg,553,33,8,7,429,5851,"22,79",365,08/03/2025 00:00,17/03/2025 00:00,Medium
01/04/2025 00:00,SKU0079,Packaging Grade A,Packaging,kg,406,33,8,474,307,5851,"22,79",365,08/04/2025 00:00,16/04/2025 00:00,Medium
01/05/2025 00:00,SKU0079,Packaging Grade A,Packaging,kg,643,33,7,95,264,5851,"22,79",365,08/05/2025 00:00,10/05/2025 00:00,Medium
01/06/2025 00:00,SKU0079,Packaging Grade A,Packaging,kg,516,33,7,125,340,5851,"22,79",365,08/06/2025 00:00,11/06/2025 00:00,Medium
01/07/2025 00:00,SKU0079,Packaging Grade A,Packaging,kg,531,33,10,236,488,5851,"22,79",365,08/07/2025 00:00,15/07/2025 00:00,Medium
01/08/2025 00:00,SKU0079,Packaging Grade A,Packaging,kg,363,33,4,188,403,5851,"22,79",365,08/08/2025 00:00,14/08/2025 00:00,Medium
01/11/2024 00:00,SKU0080,Additives Grade B,Additives,litre,404,43,3,261,421,8766,"25,14",730,08/11/2024 00:00,14/11/2024 00:00,Medium
01/12/2024 00:00,SKU0080,Additives Grade B,Additives,litre,578,43,5,619,0,8766,"25,14",730,,,Medium
01/01/2025 00:00,SKU0080,Additives Grade B,Additives,litre,437,43,5,631,317,8766,"25,14",730,08/01/2025 00:00,11/01/2025 00:00,Medium
01/02/2025 00:00,SKU0080,Additives Grade B,Additives,litre,420,43,1,0,352,8766,"25,14",730,08/02/2025 00:00,18/02/2025 00:00,Medium
01/03/2025 00:00,SKU0080,Additives Grade B,Additives,litre,534,43,8,441,313,8766,"25,14",730,08/03/2025 00:00,07/03/2025 00:00,Medium
01/04/2025 00:00,SKU0080,Additives Grade B,Additives,litre,492,43,6,1028,645,8766,"25,14",730,08/04/2025 00:00,17/04/2025 00:00,Medium
01/05/2025 00:00,SKU0080,Additives Grade B,Additives,litre,518,43,2,194,317,8766,"25,14",730,08/05/2025 00:00,17/05/2025 00:00,Medium
01/06/2025 00:00,SKU0080,Additives Grade B,Additives,litre,324,43,7,30,306,8766,"25,14",730,08/06/2025 00:00,06/06/2025 00:00,Medium
01/07/2025 00:00,SKU0080,Additives Grade B,Additives,litre,421,43,2,412,244,8766,"25,14",730,08/07/2025 00:00,16/07/2025 00:00,Medium
01/08/2025 00:00,SKU0080,Additives Grade B,Additives,litre,533,43,5,8,320,8766,"25,14",730,08/08/2025 00:00,18/08/2025 00:00,Medium
01/11/2024 00:00,SKU0081,Solvents Grade B,Solvents,kg,109,56,11,123,72,6705,"24,95",540,08/11/2024 00:00,14/11/2024 00:00,Low
01/12/2024 00:00,SKU0081,Solvents Grade B,Solvents,kg,169,56,9,80,115,6705,"24,95",540,08/12/2024 00:00,08/12/2024 00:00,Low
01/01/2025 00:00,SKU0081,Solvents Grade B,Solvents,kg,166,56,7,281,71,6705,"24,95",540,08/01/2025 00:00,16/01/2025 00:00,Low
01/02/2025 00:00,SKU0081,Solvents Grade B,Solvents,kg,169,56,6,73,62,6705,"24,95",540,08/02/2025 00:00,12/02/2025 00:00,Low
01/03/2025 00:00,SKU0081,Solvents Grade B,Solvents,kg,179,56,7,206,115,6705,"24,95",540,08/03/2025 00:00,17/03/2025 00:00,Low
01/04/2025 00:00,SKU0081,Solvents Grade B,Solvents,kg,233,56,5,258,87,6705,"24,95",540,08/04/2025 00:00,13/04/2025 00:00,Low
01/05/2025 00:00,SKU0081,Solvents Grade B,Solvents,kg,206,56,7,147,111,6705,"24,95",540,08/05/2025 00:00,11/05/2025 00:00,Low
01/06/2025 00:00,SKU0081,Solvents Grade B,Solvents,kg,141,56,7,106,65,6705,"24,95",540,08/06/2025 00:00,05/06/2025 00:00,Low
01/07/2025 00:00,SKU0081,Solvents Grade B,Solvents,kg,148,56,7,230,231,6705,"24,95",540,08/07/2025 00:00,07/07/2025 00:00,Low
01/08/2025 00:00,SKU0081,Solvents Grade B,Solvents,kg,208,56,9,174,270,6705,"24,95",540,08/08/2025 00:00,17/08/2025 00:00,Low
01/11/2024 00:00,SKU0082,Packaging Grade C,Packaging,kg,250,19,4,163,142,6052,"3,72",730,08/11/2024 00:00,16/11/2024 00:00,Medium
01/12/2024 00:00,SKU0082,Packaging Grade C,Packaging,kg,257,19,8,232,213,6052,"3,72",730,08/12/2024 00:00,18/12/2024 00:00,Medium
01/01/2025 00:00,SKU0082,Packaging Grade C,Packaging,kg,267,19,9,90,184,6052,"3,72",730,08/01/2025 00:00,13/01/2025 00:00,Medium
01/02/2025 00:00,SKU0082,Packaging Grade C,Packaging,kg,307,19,10,307,284,6052,"3,72",730,08/02/2025 00:00,16/02/2025 00:00,Medium
01/03/2025 00:00,SKU0082,Packaging Grade C,Packaging,kg,331,19,5,339,79,6052,"3,72",730,08/03/2025 00:00,05/03/2025 00:00,Medium
01/04/2025 00:00,SKU0082,Packaging Grade C,Packaging,kg,190,19,10,296,108,6052,"3,72",730,08/04/2025 00:00,13/04/2025 00:00,Medium
01/05/2025 00:00,SKU0082,Packaging Grade C,Packaging,kg,280,19,5,446,273,6052,"3,72",730,08/05/2025 00:00,12/05/2025 00:00,Medium
01/06/2025 00:00,SKU0082,Packaging Grade C,Packaging,kg,274,19,7,52,24,6052,"3,72",730,08/06/2025 00:00,05/06/2025 00:00,Medium
01/07/2025 00:00,SKU0082,Packaging Grade C,Packaging,kg,272,19,9,349,87,6052,"3,72",730,08/07/2025 00:00,10/07/2025 00:00,Medium
01/08/2025 00:00,SKU0082,Packaging Grade C,Packaging,kg,285,19,7,7,185,6052,"3,72",730,08/08/2025 00:00,09/08/2025 00:00,Medium
01/11/2024 00:00,SKU0083,Intermediates Grade A,Intermediates,kg,161,23,6,227,38,5969,"4,99",540,08/11/2024 00:00,10/11/2024 00:00,Low
01/12/2024 00:00,SKU0083,Intermediates Grade A,Intermediates,kg,172,23,10,239,40,5969,"4,99",540,08/12/2024 00:00,14/12/2024 00:00,Low
01/01/2025 00:00,SKU0083,Intermediates Grade A,Intermediates,kg,250,23,3,318,260,5969,"4,99",540,08/01/2025 00:00,16/01/2025 00:00,Low
01/02/2025 00:00,SKU0083,Intermediates Grade A,Intermediates,kg,166,23,11,116,82,5969,"4,99",540,08/02/2025 00:00,17/02/2025 00:00,Low
01/03/2025 00:00,SKU0083,Intermediates Grade A,Intermediates,kg,149,23,10,42,154,5969,"4,99",540,08/03/2025 00:00,17/03/2025 00:00,Low
01/04/2025 00:00,SKU0083,Intermediates Grade A,Intermediates,kg,134,23,6,21,112,5969,"4,99",540,08/04/2025 00:00,17/04/2025 00:00,Low
01/05/2025 00:00,SKU0083,Intermediates Grade A,Intermediates,kg,100,23,8,0,52,5969,"4,99",540,08/05/2025 00:00,09/05/2025 00:00,Low
01/06/2025 00:00,SKU0083,Intermediates Grade A,Intermediates,kg,206,23,10,30,105,5969,"4,99",540,08/06/2025 00:00,10/06/2025 00:00,Low
01/07/2025 00:00,SKU0083,Intermediates Grade A,Intermediates,kg,147,23,10,207,71,5969,"4,99",540,08/07/2025 00:00,09/07/2025 00:00,Low
01/08/2025 00:00,SKU0083,Intermediates Grade A,Intermediates,kg,156,23,1,154,201,5969,"4,99",540,08/08/2025 00:00,15/08/2025 00:00,Low
01/11/2024 00:00,SKU0084,Solvents Grade C,Solvents,litre,206,43,6,40,168,3819,"20,82",365,08/11/2024 00:00,16/11/2024 00:00,Medium
01/12/2024 00:00,SKU0084,Solvents Grade C,Solvents,litre,271,43,4,405,236,3819,"20,82",365,08/12/2024 00:00,09/12/2024 00:00,Medium
01/01/2025 00:00,SKU0084,Solvents Grade C,Solvents,litre,256,43,7,248,131,3819,"20,82",365,08/01/2025 00:00,08/01/2025 00:00,Medium
01/02/2025 00:00,SKU0084,Solvents Grade C,Solvents,litre,280,43,11,322,189,3819,"20,82",365,08/02/2025 00:00,07/02/2025 00:00,Medium
01/03/2025 00:00,SKU0084,Solvents Grade C,Solvents,litre,292,43,6,104,186,3819,"20,82",365,08/03/2025 00:00,07/03/2025 00:00,Medium
01/04/2025 00:00,SKU0084,Solvents Grade C,Solvents,litre,197,43,10,159,55,3819,"20,82",365,08/04/2025 00:00,08/04/2025 00:00,Medium
01/05/2025 00:00,SKU0084,Solvents Grade C,Solvents,litre,289,43,8,16,230,3819,"20,82",365,08/05/2025 00:00,13/05/2025 00:00,Medium
01/06/2025 00:00,SKU0084,Solvents Grade C,Solvents,litre,375,43,8,461,561,3819,"20,82",365,08/06/2025 00:00,06/06/2025 00:00,Medium
01/07/2025 00:00,SKU0084,Solvents Grade C,Solvents,litre,303,43,7,559,185,3819,"20,82",365,08/07/2025 00:00,13/07/2025 00:00,Medium
01/08/2025 00:00,SKU0084,Solvents Grade C,Solvents,litre,318,43,5,251,31,3819,"20,82",365,08/08/2025 00:00,05/08/2025 00:00,Medium
01/11/2024 00:00,SKU0085,Packaging Grade A,Packaging,kg,127,45,9,128,103,6507,"8,57",1095,08/11/2024 00:00,18/11/2024 00:00,Low
01/12/2024 00:00,SKU0085,Packaging Grade A,Packaging,kg,95,45,13,72,55,6507,"8,57",1095,08/12/2024 00:00,05/12/2024 00:00,Low
01/01/2025 00:00,SKU0085,Packaging Grade A,Packaging,kg,88,45,5,41,50,6507,"8,57",1095,08/01/2025 00:00,09/01/2025 00:00,Low
01/02/2025 00:00,SKU0085,Packaging Grade A,Packaging,kg,91,45,8,102,53,6507,"8,57",1095,08/02/2025 00:00,10/02/2025 00:00,Low
01/03/2025 00:00,SKU0085,Packaging Grade A,Packaging,kg,85,45,8,0,65,6507,"8,57",1095,08/03/2025 00:00,10/03/2025 00:00,Low
01/04/2025 00:00,SKU0085,Packaging Grade A,Packaging,kg,112,45,6,193,119,6507,"8,57",1095,08/04/2025 00:00,07/04/2025 00:00,Low
01/05/2025 00:00,SKU0085,Packaging Grade A,Packaging,kg,72,45,7,39,62,6507,"8,57",1095,08/05/2025 00:00,11/05/2025 00:00,Low
01/06/2025 00:00,SKU0085,Packaging Grade A,Packaging,kg,107,45,5,50,79,6507,"8,57",1095,08/06/2025 00:00,13/06/2025 00:00,Low
01/07/2025 00:00,SKU0085,Packaging Grade A,Packaging,kg,101,45,5,89,39,6507,"8,57",1095,08/07/2025 00:00,15/07/2025 00:00,Low
01/08/2025 00:00,SKU0085,Packaging Grade A,Packaging,kg,116,45,4,114,86,6507,"8,57",1095,08/08/2025 00:00,16/08/2025 00:00,Low
01/11/2024 00:00,SKU0086,Solvents Grade A,Solvents,kg,224,20,10,246,175,4827,"25,96",365,08/11/2024 00:00,14/11/2024 00:00,Medium
01/12/2024 00:00,SKU0086,Solvents Grade A,Solvents,kg,279,20,11,496,219,4827,"25,96",365,08/12/2024 00:00,12/12/2024 00:00,Medium
01/01/2025 00:00,SKU0086,Solvents Grade A,Solvents,kg,252,20,6,0,165,4827,"25,96",365,08/01/2025 00:00,10/01/2025 00:00,Medium
01/02/2025 00:00,SKU0086,Solvents Grade A,Solvents,kg,312,20,4,281,181,4827,"25,96",365,08/02/2025 00:00,16/02/2025 00:00,Medium
01/03/2025 00:00,SKU0086,Solvents Grade A,Solvents,kg,266,20,5,310,181,4827,"25,96",365,08/03/2025 00:00,12/03/2025 00:00,Medium
01/04/2025 00:00,SKU0086,Solvents Grade A,Solvents,kg,232,20,7,246,227,4827,"25,96",365,08/04/2025 00:00,16/04/2025 00:00,Medium
01/05/2025 00:00,SKU0086,Solvents Grade A,Solvents,kg,288,20,8,401,125,4827,"25,96",365,08/05/2025 00:00,09/05/2025 00:00,Medium
01/06/2025 00:00,SKU0086,Solvents Grade A,Solvents,kg,301,20,5,354,148,4827,"25,96",365,08/06/2025 00:00,12/06/2025 00:00,Medium
01/07/2025 00:00,SKU0086,Solvents Grade A,Solvents,kg,315,20,9,275,207,4827,"25,96",365,08/07/2025 00:00,14/07/2025 00:00,Medium
01/08/2025 00:00,SKU0086,Solvents Grade A,Solvents,kg,249,20,6,324,294,4827,"25,96",365,08/08/2025 00:00,16/08/2025 00:00,Medium
01/11/2024 00:00,SKU0087,Solvents Grade A,Solvents,litre,253,17,7,75,78,2541,"30,89",1095,08/11/2024 00:00,08/11/2024 00:00,Medium
01/12/2024 00:00,SKU0087,Solvents Grade A,Solvents,litre,251,17,1,45,102,2541,"30,89",1095,08/12/2024 00:00,14/12/2024 00:00,Medium
01/01/2025 00:00,SKU0087,Solvents Grade A,Solvents,litre,206,17,4,96,65,2541,"30,89",1095,08/01/2025 00:00,12/01/2025 00:00,Medium
01/02/2025 00:00,SKU0087,Solvents Grade A,Solvents,litre,267,17,7,7,299,2541,"30,89",1095,08/02/2025 00:00,14/02/2025 00:00,Medium
01/03/2025 00:00,SKU0087,Solvents Grade A,Solvents,litre,155,17,8,24,100,2541,"30,89",1095,08/03/2025 00:00,16/03/2025 00:00,Medium
01/04/2025 00:00,SKU0087,Solvents Grade A,Solvents,litre,227,17,7,216,111,2541,"30,89",1095,08/04/2025 00:00,06/04/2025 00:00,Medium
01/05/2025 00:00,SKU0087,Solvents Grade A,Solvents,litre,227,17,8,101,19,2541,"30,89",1095,08/05/2025 00:00,16/05/2025 00:00,Medium
01/06/2025 00:00,SKU0087,Solvents Grade A,Solvents,litre,239,17,8,107,139,2541,"30,89",1095,08/06/2025 00:00,16/06/2025 00:00,Medium
01/07/2025 00:00,SKU0087,Solvents Grade A,Solvents,litre,360,17,1,733,342,2541,"30,89",1095,08/07/2025 00:00,09/07/2025 00:00,Medium
01/08/2025 00:00,SKU0087,Solvents Grade A,Solvents,litre,225,17,8,228,195,2541,"30,89",1095,08/08/2025 00:00,13/08/2025 00:00,Medium
01/11/2024 00:00,SKU0088,Additives Grade B,Additives,kg,573,56,7,0,291,5741,"14,89",1095,08/11/2024 00:00,08/11/2024 00:00,High
01/12/2024 00:00,SKU0088,Additives Grade B,Additives,kg,732,56,3,397,613,5741,"14,89",1095,08/12/2024 00:00,15/12/2024 00:00,High
01/01/2025 00:00,SKU0088,Additives Grade B,Additives,kg,761,56,4,1369,633,5741,"14,89",1095,08/01/2025 00:00,10/01/2025 00:00,High
01/02/2025 00:00,SKU0088,Additives Grade B,Additives,kg,562,56,4,256,111,5741,"14,89",1095,08/02/2025 00:00,05/02/2025 00:00,High
01/03/2025 00:00,SKU0088,Additives Grade B,Additives,kg,778,56,9,616,389,5741,"14,89",1095,08/03/2025 00:00,13/03/2025 00:00,High
01/04/2025 00:00,SKU0088,Additives Grade B,Additives,kg,464,56,8,325,470,5741,"14,89",1095,08/04/2025 00:00,05/04/2025 00:00,High
01/05/2025 00:00,SKU0088,Additives Grade B,Additives,kg,406,56,12,0,123,5741,"14,89",1095,08/05/2025 00:00,09/05/2025 00:00,High
01/06/2025 00:00,SKU0088,Additives Grade B,Additives,kg,704,56,1,0,317,5741,"14,89",1095,08/06/2025 00:00,08/06/2025 00:00,High
01/07/2025 00:00,SKU0088,Additives Grade B,Additives,kg,606,56,10,315,602,5741,"14,89",1095,08/07/2025 00:00,17/07/2025 00:00,High
01/08/2025 00:00,SKU0088,Additives Grade B,Additives,kg,511,56,9,804,798,5741,"14,89",1095,08/08/2025 00:00,16/08/2025 00:00,High
01/11/2024 00:00,SKU0089,Packaging Grade A,Packaging,litre,522,49,10,75,471,5365,"0,5",1095,08/11/2024 00:00,17/11/2024 00:00,Medium
01/12/2024 00:00,SKU0089,Packaging Grade A,Packaging,litre,276,49,8,0,134,5365,"0,5",1095,08/12/2024 00:00,17/12/2024 00:00,Medium
01/01/2025 00:00,SKU0089,Packaging Grade A,Packaging,litre,634,49,2,159,342,5365,"0,5",1095,08/01/2025 00:00,18/01/2025 00:00,Medium
01/02/2025 00:00,SKU0089,Packaging Grade A,Packaging,litre,376,49,9,123,170,5365,"0,5",1095,08/02/2025 00:00,07/02/2025 00:00,Medium
01/03/2025 00:00,SKU0089,Packaging Grade A,Packaging,litre,239,49,5,144,86,5365,"0,5",1095,08/03/2025 00:00,17/03/2025 00:00,Medium
01/04/2025 00:00,SKU0089,Packaging Grade A,Packaging,litre,611,49,7,601,527,5365,"0,5",1095,08/04/2025 00:00,10/04/2025 00:00,Medium
01/05/2025 00:00,SKU0089,Packaging Grade A,Packaging,litre,655,49,7,388,440,5365,"0,5",1095,08/05/2025 00:00,06/05/2025 00:00,Medium
01/06/2025 00:00,SKU0089,Packaging Grade A,Packaging,litre,612,49,6,653,237,5365,"0,5",1095,08/06/2025 00:00,07/06/2025 00:00,Medium
01/07/2025 00:00,SKU0089,Packaging Grade A,Packaging,litre,372,49,9,445,381,5365,"0,5",1095,08/07/2025 00:00,09/07/2025 00:00,Medium
01/08/2025 00:00,SKU0089,Packaging Grade A,Packaging,litre,511,49,9,230,415,5365,"0,5",1095,08/08/2025 00:00,13/08/2025 00:00,Medium
01/11/2024 00:00,SKU0090,Additives Grade C,Additives,kg,210,54,4,160,260,4192,"24,38",540,08/11/2024 00:00,06/11/2024 00:00,Medium
01/12/2024 00:00,SKU0090,Additives Grade C,Additives,kg,359,54,4,380,214,4192,"24,38",540,08/12/2024 00:00,14/12/2024 00:00,Medium
01/01/2025 00:00,SKU0090,Additives Grade C,Additives,kg,221,54,1,102,130,4192,"24,38",540,08/01/2025 00:00,12/01/2025 00:00,Medium
01/02/2025 00:00,SKU0090,Additives Grade C,Additives,kg,351,54,7,599,0,4192,"24,38",540,,,Medium
01/03/2025 00:00,SKU0090,Additives Grade C,Additives,kg,216,54,7,314,26,4192,"24,38",540,08/03/2025 00:00,06/03/2025 00:00,Medium
01/04/2025 00:00,SKU0090,Additives Grade C,Additives,kg,191,54,4,0,116,4192,"24,38",540,08/04/2025 00:00,15/04/2025 00:00,Medium
01/05/2025 00:00,SKU0090,Additives Grade C,Additives,kg,201,54,4,165,124,4192,"24,38",540,08/05/2025 00:00,17/05/2025 00:00,Medium
01/06/2025 00:00,SKU0090,Additives Grade C,Additives,kg,223,54,7,212,249,4192,"24,38",540,08/06/2025 00:00,09/06/2025 00:00,Medium
01/07/2025 00:00,SKU0090,Additives Grade C,Additives,kg,200,54,8,248,311,4192,"24,38",540,08/07/2025 00:00,11/07/2025 00:00,Medium
01/08/2025 00:00,SKU0090,Additives Grade C,Additives,kg,153,54,5,68,75,4192,"24,38",540,08/08/2025 00:00,12/08/2025 00:00,Medium
01/11/2024 00:00,SKU0091,Additives Grade C,Additives,kg,262,42,7,70,148,6849,"24,22",730,08/11/2024 00:00,05/11/2024 00:00,Medium
01/12/2024 00:00,SKU0091,Additives Grade C,Additives,kg,170,42,2,298,156,6849,"24,22",730,08/12/2024 00:00,10/12/2024 00:00,Medium
01/01/2025 00:00,SKU0091,Additives Grade C,Additives,kg,200,42,13,25,212,6849,"24,22",730,08/01/2025 00:00,05/01/2025 00:00,Medium
01/02/2025 00:00,SKU0091,Additives Grade C,Additives,kg,148,42,9,0,118,6849,"24,22",730,08/02/2025 00:00,06/02/2025 00:00,Medium
01/03/2025 00:00,SKU0091,Additives Grade C,Additives,kg,245,42,7,283,188,6849,"24,22",730,08/03/2025 00:00,05/03/2025 00:00,Medium
01/04/2025 00:00,SKU0091,Additives Grade C,Additives,kg,211,42,4,0,141,6849,"24,22",730,08/04/2025 00:00,15/04/2025 00:00,Medium
01/05/2025 00:00,SKU0091,Additives Grade C,Additives,kg,220,42,4,261,125,6849,"24,22",730,08/05/2025 00:00,09/05/2025 00:00,Medium
01/06/2025 00:00,SKU0091,Additives Grade C,Additives,kg,161,42,6,0,190,6849,"24,22",730,08/06/2025 00:00,14/06/2025 00:00,Medium
01/07/2025 00:00,SKU0091,Additives Grade C,Additives,kg,241,42,2,131,63,6849,"24,22",730,08/07/2025 00:00,13/07/2025 00:00,Medium
01/08/2025 00:00,SKU0091,Additives Grade C,Additives,kg,267,42,5,204,292,6849,"24,22",730,08/08/2025 00:00,10/08/2025 00:00,Medium
01/11/2024 00:00,SKU0092,Intermediates Grade A,Intermediates,kg,394,34,11,162,323,1743,"24,42",730,08/11/2024 00:00,15/11/2024 00:00,Medium
01/12/2024 00:00,SKU0092,Intermediates Grade A,Intermediates,kg,541,34,6,1081,584,1743,"24,42",730,08/12/2024 00:00,15/12/2024 00:00,Medium
01/01/2025 00:00,SKU0092,Intermediates Grade A,Intermediates,kg,281,34,9,296,211,1743,"24,42",730,08/01/2025 00:00,05/01/2025 00:00,Medium
01/02/2025 00:00,SKU0092,Intermediates Grade A,Intermediates,kg,576,34,5,492,287,1743,"24,42",730,08/02/2025 00:00,17/02/2025 00:00,Medium
01/03/2025 00:00,SKU0092,Intermediates Grade A,Intermediates,kg,260,34,7,246,153,1743,"24,42",730,08/03/2025 00:00,05/03/2025 00:00,Medium
01/04/2025 00:00,SKU0092,Intermediates Grade A,Intermediates,kg,423,34,8,443,254,1743,"24,42",730,08/04/2025 00:00,06/04/2025 00:00,Medium
01/05/2025 00:00,SKU0092,Intermediates Grade A,Intermediates,kg,431,34,6,112,344,1743,"24,42",730,08/05/2025 00:00,13/05/2025 00:00,Medium
01/06/2025 00:00,SKU0092,Intermediates Grade A,Intermediates,kg,458,34,2,0,335,1743,"24,42",730,08/06/2025 00:00,07/06/2025 00:00,Medium
01/07/2025 00:00,SKU0092,Intermediates Grade A,Intermediates,kg,333,34,5,470,191,1743,"24,42",730,08/07/2025 00:00,05/07/2025 00:00,Medium
01/08/2025 00:00,SKU0092,Intermediates Grade A,Intermediates,kg,544,34,4,755,453,1743,"24,42",730,08/08/2025 00:00,09/08/2025 00:00,Medium
01/11/2024 00:00,SKU0093,Solvents Grade A,Solvents,kg,287,59,7,584,116,5227,"15,14",540,08/11/2024 00:00,11/11/2024 00:00,Medium
01/12/2024 00:00,SKU0093,Solvents Grade A,Solvents,kg,443,59,9,74,0,5227,"15,14",540,,,Medium
01/01/2025 00:00,SKU0093,Solvents Grade A,Solvents,kg,303,59,12,398,186,5227,"15,14",540,08/01/2025 00:00,16/01/2025 00:00,Medium
01/02/2025 00:00,SKU0093,Solvents Grade A,Solvents,kg,401,59,8,22,79,5227,"15,14",540,08/02/2025 00:00,05/02/2025 00:00,Medium
01/03/2025 00:00,SKU0093,Solvents Grade A,Solvents,kg,275,59,11,350,170,5227,"15,14",540,08/03/2025 00:00,09/03/2025 00:00,Medium
01/04/2025 00:00,SKU0093,Solvents Grade A,Solvents,kg,386,59,10,175,269,5227,"15,14",540,08/04/2025 00:00,09/04/2025 00:00,Medium
01/05/2025 00:00,SKU0093,Solvents Grade A,Solvents,kg,288,59,3,394,363,5227,"15,14",540,08/05/2025 00:00,10/05/2025 00:00,Medium
01/06/2025 00:00,SKU0093,Solvents Grade A,Solvents,kg,484,59,8,435,759,5227,"15,14",540,08/06/2025 00:00,07/06/2025 00:00,Medium
01/07/2025 00:00,SKU0093,Solvents Grade A,Solvents,kg,461,59,10,358,441,5227,"15,14",540,08/07/2025 00:00,09/07/2025 00:00,Medium
01/08/2025 00:00,SKU0093,Solvents Grade A,Solvents,kg,366,59,1,267,376,5227,"15,14",540,08/08/2025 00:00,11/08/2025 00:00,Medium
01/11/2024 00:00,SKU0094,Additives Grade A,Additives,kg,178,40,12,41,6,1131,"36,61",1095,08/11/2024 00:00,09/11/2024 00:00,Medium
01/12/2024 00:00,SKU0094,Additives Grade A,Additives,kg,198,40,6,101,64,1131,"36,61",1095,08/12/2024 00:00,09/12/2024 00:00,Medium
01/01/2025 00:00,SKU0094,Additives Grade A,Additives,kg,189,40,2,152,252,1131,"36,61",1095,08/01/2025 00:00,09/01/2025 00:00,Medium
01/02/2025 00:00,SKU0094,Additives Grade A,Additives,kg,264,40,7,119,51,1131,"36,61",1095,08/02/2025 00:00,14/02/2025 00:00,Medium
01/03/2025 00:00,SKU0094,Additives Grade A,Additives,kg,272,40,5,176,122,1131,"36,61",1095,08/03/2025 00:00,14/03/2025 00:00,Medium
01/04/2025 00:00,SKU0094,Additives Grade A,Additives,kg,236,40,6,204,201,1131,"36,61",1095,08/04/2025 00:00,07/04/2025 00:00,Medium
01/05/2025 00:00,SKU0094,Additives Grade A,Additives,kg,214,40,8,436,132,1131,"36,61",1095,08/05/2025 00:00,05/05/2025 00:00,Medium
01/06/2025 00:00,SKU0094,Additives Grade A,Additives,kg,212,40,7,253,273,1131,"36,61",1095,08/06/2025 00:00,09/06/2025 00:00,Medium
01/07/2025 00:00,SKU0094,Additives Grade A,Additives,kg,265,40,5,0,170,1131,"36,61",1095,08/07/2025 00:00,18/07/2025 00:00,Medium
01/08/2025 00:00,SKU0094,Additives Grade A,Additives,kg,209,40,7,417,114,1131,"36,61",1095,08/08/2025 00:00,13/08/2025 00:00,Medium
01/11/2024 00:00,SKU0095,Additives Grade B,Additives,kg,386,50,14,75,287,7855,"28,32",365,08/11/2024 00:00,18/11/2024 00:00,Medium
01/12/2024 00:00,SKU0095,Additives Grade B,Additives,kg,314,50,9,209,168,7855,"28,32",365,08/12/2024 00:00,05/12/2024 00:00,Medium
01/01/2025 00:00,SKU0095,Additives Grade B,Additives,kg,323,50,7,513,18,7855,"28,32",365,08/01/2025 00:00,07/01/2025 00:00,Medium
01/02/2025 00:00,SKU0095,Additives Grade B,Additives,kg,312,50,7,249,335,7855,"28,32",365,08/02/2025 00:00,17/02/2025 00:00,Medium
01/03/2025 00:00,SKU0095,Additives Grade B,Additives,kg,327,50,6,482,133,7855,"28,32",365,08/03/2025 00:00,17/03/2025 00:00,Medium
01/04/2025 00:00,SKU0095,Additives Grade B,Additives,kg,285,50,4,218,111,7855,"28,32",365,08/04/2025 00:00,08/04/2025 00:00,Medium
01/05/2025 00:00,SKU0095,Additives Grade B,Additives,kg,186,50,5,59,0,7855,"28,32",365,,,Medium
01/06/2025 00:00,SKU0095,Additives Grade B,Additives,kg,212,50,11,487,151,7855,"28,32",365,08/06/2025 00:00,05/06/2025 00:00,Medium
01/07/2025 00:00,SKU0095,Additives Grade B,Additives,kg,369,50,9,426,218,7855,"28,32",365,08/07/2025 00:00,05/07/2025 00:00,Medium
01/08/2025 00:00,SKU0095,Additives Grade B,Additives,kg,381,50,8,317,124,7855,"28,32",365,08/08/2025 00:00,12/08/2025 00:00,Medium
01/11/2024 00:00,SKU0096,Surfactants Grade C,Surfactants,litre,372,38,10,186,103,4120,"25,78",730,08/11/2024 00:00,06/11/2024 00:00,Medium
01/12/2024 00:00,SKU0096,Surfactants Grade C,Surfactants,litre,403,38,8,429,288,4120,"25,78",730,08/12/2024 00:00,16/12/2024 00:00,Medium
01/01/2025 00:00,SKU0096,Surfactants Grade C,Surfactants,litre,466,38,13,788,444,4120,"25,78",730,08/01/2025 00:00,12/01/2025 00:00,Medium
01/02/2025 00:00,SKU0096,Surfactants Grade C,Surfactants,litre,258,38,6,0,227,4120,"25,78",730,08/02/2025 00:00,11/02/2025 00:00,Medium
01/03/2025 00:00,SKU0096,Surfactants Grade C,Surfactants,litre,500,38,4,969,364,4120,"25,78",730,08/03/2025 00:00,14/03/2025 00:00,Medium
01/04/2025 00:00,SKU0096,Surfactants Grade C,Surfactants,litre,330,38,5,237,246,4120,"25,78",730,08/04/2025 00:00,14/04/2025 00:00,Medium
01/05/2025 00:00,SKU0096,Surfactants Grade C,Surfactants,litre,358,38,3,635,171,4120,"25,78",730,08/05/2025 00:00,06/05/2025 00:00,Medium
01/06/2025 00:00,SKU0096,Surfactants Grade C,Surfactants,litre,502,38,3,0,312,4120,"25,78",730,08/06/2025 00:00,10/06/2025 00:00,Medium
01/07/2025 00:00,SKU0096,Surfactants Grade C,Surfactants,litre,428,38,11,241,310,4120,"25,78",730,08/07/2025 00:00,10/07/2025 00:00,Medium
01/08/2025 00:00,SKU0096,Surfactants Grade C,Surfactants,litre,495,38,7,430,337,4120,"25,78",730,08/08/2025 00:00,07/08/2025 00:00,Medium
01/11/2024 00:00,SKU0097,Packaging Grade B,Packaging,litre,204,45,4,172,217,7054,"24,24",540,08/11/2024 00:00,15/11/2024 00:00,Medium
01/12/2024 00:00,SKU0097,Packaging Grade B,Packaging,litre,271,45,3,442,67,7054,"24,24",540,08/12/2024 00:00,06/12/2024 00:00,Medium
01/01/2025 00:00,SKU0097,Packaging Grade B,Packaging,litre,150,45,11,20,98,7054,"24,24",540,08/01/2025 00:00,16/01/2025 00:00,Medium
01/02/2025 00:00,SKU0097,Packaging Grade B,Packaging,litre,210,45,5,143,65,7054,"24,24",540,08/02/2025 00:00,05/02/2025 00:00,Medium
01/03/2025 00:00,SKU0097,Packaging Grade B,Packaging,litre,182,45,7,110,165,7054,"24,24",540,08/03/2025 00:00,10/03/2025 00:00,Medium
01/04/2025 00:00,SKU0097,Packaging Grade B,Packaging,litre,216,45,2,1,119,7054,"24,24",540,08/04/2025 00:00,16/04/2025 00:00,Medium
01/05/2025 00:00,SKU0097,Packaging Grade B,Packaging,litre,187,45,4,217,42,7054,"24,24",540,08/05/2025 00:00,09/05/2025 00:00,Medium
01/06/2025 00:00,SKU0097,Packaging Grade B,Packaging,litre,214,45,3,110,223,7054,"24,24",540,08/06/2025 00:00,18/06/2025 00:00,Medium
01/07/2025 00:00,SKU0097,Packaging Grade B,Packaging,litre,117,45,2,0,93,7054,"24,24",540,08/07/2025 00:00,18/07/2025 00:00,Medium
01/08/2025 00:00,SKU0097,Packaging Grade B,Packaging,litre,192,45,5,217,81,7054,"24,24",540,08/08/2025 00:00,15/08/2025 00:00,Medium
01/11/2024 00:00,SKU0098,Additives Grade C,Additives,kg,125,35,12,0,84,1729,"15,16",1095,08/11/2024 00:00,13/11/2024 00:00,Low
01/12/2024 00:00,SKU0098,Additives Grade C,Additives,kg,150,35,6,32,106,1729,"15,16",1095,08/12/2024 00:00,05/12/2024 00:00,Low
01/01/2025 00:00,SKU0098,Additives Grade C,Additives,kg,84,35,1,34,38,1729,"15,16",1095,08/01/2025 00:00,11/01/2025 00:00,Low
01/02/2025 00:00,SKU0098,Additives Grade C,Additives,kg,119,35,3,96,162,1729,"15,16",1095,08/02/2025 00:00,09/02/2025 00:00,Low
01/03/2025 00:00,SKU0098,Additives Grade C,Additives,kg,130,35,3,197,65,1729,"15,16",1095,08/03/2025 00:00,09/03/2025 00:00,Low
01/04/2025 00:00,SKU0098,Additives Grade C,Additives,kg,82,35,8,98,105,1729,"15,16",1095,08/04/2025 00:00,18/04/2025 00:00,Low
01/05/2025 00:00,SKU0098,Additives Grade C,Additives,kg,179,35,3,529,93,1729,"15,16",1095,08/05/2025 00:00,06/05/2025 00:00,Low
01/06/2025 00:00,SKU0098,Additives Grade C,Additives,kg,104,35,1,128,53,1729,"15,16",1095,08/06/2025 00:00,15/06/2025 00:00,Low
01/07/2025 00:00,SKU0098,Additives Grade C,Additives,kg,130,35,4,56,102,1729,"15,16",1095,08/07/2025 00:00,07/07/2025 00:00,Low
01/08/2025 00:00,SKU0098,Additives Grade C,Additives,kg,94,35,3,85,29,1729,"15,16",1095,08/08/2025 00:00,11/08/2025 00:00,Low
01/11/2024 00:00,SKU0099,Solvents Grade B,Solvents,litre,237,53,5,113,267,2191,"17,37",540,08/11/2024 00:00,10/11/2024 00:00,Medium
01/12/2024 00:00,SKU0099,Solvents Grade B,Solvents,litre,191,53,7,66,74,2191,"17,37",540,08/12/2024 00:00,16/12/2024 00:00,Medium
01/01/2025 00:00,SKU0099,Solvents Grade B,Solvents,litre,262,53,8,306,213,2191,"17,37",540,08/01/2025 00:00,06/01/2025 00:00,Medium
01/02/2025 00:00,SKU0099,Solvents Grade B,Solvents,litre,177,53,9,138,244,2191,"17,37",540,08/02/2025 00:00,10/02/2025 00:00,Medium
01/03/2025 00:00,SKU0099,Solvents Grade B,Solvents,litre,137,53,4,41,0,2191,"17,37",540,,,Medium
01/04/2025 00:00,SKU0099,Solvents Grade B,Solvents,litre,197,53,7,197,160,2191,"17,37",540,08/04/2025 00:00,06/04/2025 00:00,Medium
01/05/2025 00:00,SKU0099,Solvents Grade B,Solvents,litre,268,53,1,264,374,2191,"17,37",540,08/05/2025 00:00,06/05/2025 00:00,Medium
01/06/2025 00:00,SKU0099,Solvents Grade B,Solvents,litre,231,53,10,60,131,2191,"17,37",540,08/06/2025 00:00,18/06/2025 00:00,Medium
01/07/2025 00:00,SKU0099,Solvents Grade B,Solvents,litre,121,53,4,225,88,2191,"17,37",540,08/07/2025 00:00,15/07/2025 00:00,Medium
01/08/2025 00:00,SKU0099,Solvents Grade B,Solvents,litre,242,53,4,309,18,2191,"17,37",540,08/08/2025 00:00,07/08/2025 00:00,Medium
01/11/2024 00:00,SKU0100,Packaging Grade A,Packaging,kg,487,19,10,392,322,6667,"12,75",365,08/11/2024 00:00,06/11/2024 00:00,Medium
01/12/2024 00:00,SKU0100,Packaging Grade A,Packaging,kg,505,19,3,368,455,6667,"12,75",365,08/12/2024 00:00,08/12/2024 00:00,Medium
01/01/2025 00:00,SKU0100,Packaging Grade A,Packaging,kg,475,19,5,198,421,6667,"12,75",365,08/01/2025 00:00,13/01/2025 00:00,Medium
01/02/2025 00:00,SKU0100,Packaging Grade A,Packaging,kg,459,19,6,812,370,6667,"12,75",365,08/02/2025 00:00,10/02/2025 00:00,Medium
01/03/2025 00:00,SKU0100,Packaging Grade A,Packaging,kg,449,19,15,434,188,6667,"12,75",365,08/03/2025 00:00,05/03/2025 00:00,Medium
01/04/2025 00:00,SKU0100,Packaging Grade A,Packaging,kg,584,19,9,382,633,6667,"12,75",365,08/04/2025 00:00,12/04/2025 00:00,Medium
01/05/2025 00:00,SKU0100,Packaging Grade A,Packaging,kg,434,19,10,347,444,6667,"12,75",365,08/05/2025 00:00,16/05/2025 00:00,Medium
01/06/2025 00:00,SKU0100,Packaging Grade A,Packaging,kg,523,19,8,634,299,6667,"12,75",365,08/06/2025 00:00,18/06/2025 00:00,Medium
01/07/2025 00:00,SKU0100,Packaging Grade A,Packaging,kg,462,19,4,594,405,6667,"12,75",365,08/07/2025 00:00,11/07/2025 00:00,Medium
01/08/2025 00:00,SKU0100,Packaging Grade A,Packaging,kg,522,19,15,448,566,6667,"12,75",365,08/08/2025 00:00,14/08/2025 00:00,Medium
